Palabras asociadas con el miedo al delito:,,,
 Secuestro* + Bogot*, Secuestro*,Bogot*,
 Secuestro* + miedo, Secuestro*,miedo,
Abuso de autoridad  +  Adolescen*,Abuso de autoridad , Adolescen*,
Abuso de autoridad  +  Bogota*,Abuso de autoridad , Bogota*,
Abuso de autoridad  +  Estudiante*,Abuso de autoridad , Estudiante*,
Abuso de autoridad  +  Funcionario*,Abuso de autoridad , Funcionario*,
Abuso de autoridad  +  Gay,Abuso de autoridad , Gay,
Abuso de autoridad  +  Lesbiana,Abuso de autoridad , Lesbiana,
Abuso de autoridad  +  Lgbt,Abuso de autoridad , Lgbt,
Abuso de autoridad  +  Mujer*,Abuso de autoridad , Mujer*,
Abuso de autoridad  +  Policia,Abuso de autoridad , Policia,
Abuso de autoridad  + Trans*,Abuso de autoridad ,Trans*,
Atentado* + Bogot*,Atentado*,Bogot*,
Atentado* + vida*,Atentado*,vida*,
Atentado* + emergencia,Atentado*,emergencia,
Cacerolazo  +  Barrio,Cacerolazo , Barrio,
Cacerolazo  +  Caracas,Cacerolazo , Caracas,
Cacerolazo  +  Colegio*,Cacerolazo , Colegio*,
Cacerolazo  +  Comunidades,Cacerolazo , Comunidades,
Cacerolazo  +  Conjunto residencial,Cacerolazo , Conjunto residencial,
Cacerolazo  +  Conjuntos residenciales,Cacerolazo , Conjuntos residenciales,
Cacerolazo  +  Educacion,Cacerolazo , Educacion,
Cacerolazo  +  Estudiante*,Cacerolazo , Estudiante*,
Cacerolazo  +  Gobierno,Cacerolazo , Gobierno,
Cacerolazo  +  Lgbt,Cacerolazo , Lgbt,
Cacerolazo  +  Parque*,Cacerolazo , Parque*,
Cacerolazo  +  Plaza de Bolivar,Cacerolazo , Plaza de Bolivar,
Cacerolazo  +  Servicios,Cacerolazo , Servicios,
Cacerolazo  +  Universidad*,Cacerolazo , Universidad*,
Cacerolazo  + Delito,Cacerolazo ,Delito,
Cacerolazo  + Inseguridad,Cacerolazo ,Inseguridad,
Cacerolazo  + Miedo,Cacerolazo ,Miedo,
Cacerolazo  +  Urbanizacion,Cacerolazo , Urbanizacion,
Cacerolazo  +  Vecino*,Cacerolazo , Vecino*,
Cacerolazo  +  Vendedor*,Cacerolazo , Vendedor*,
Vandal* + Bogot*,Vandal*,Bogot*,
Miedo + Bogot*,Miedo,Bogot*,
Inseguridad  + Bogot*,Inseguridad ,Bogot*,
Carcel* + Vandalismo,Carcel*,Vandalismo,
Carcel* + Inseguridad,Carcel*,Inseguridad,
Codigo de Policia  +  Abuso*,Codigo de Policia , Abuso*,
Codigo de Policia  +  Bogota*,Codigo de Policia , Bogota*,
Codigo de Policia  +  Distrital,Codigo de Policia , Distrital,
Codigo de Policia  +  Distrito*,Codigo de Policia , Distrito*,
Codigo de Policia  +  Incumplimiento*,Codigo de Policia , Incumplimiento*,
Codigo de Policia  +  Infraccion*,Codigo de Policia , Infraccion*,
Codigo de Policia  +  Localidad,Codigo de Policia , Localidad,
Codigo de Policia  +  Multa*,Codigo de Policia , Multa*,
Codigo de Policia  + Inseguridad,Codigo de Policia ,Inseguridad,
Conflicto + Bogot*,Conflicto,Bogot*,
Cosquilleo  +  Apartamento*,Cosquilleo , Apartamento*,
Cosquilleo  +  Bicicleta*,Cosquilleo , Bicicleta*,
Cosquilleo  +  Billetera*,Cosquilleo , Billetera*,
Cosquilleo  +  Buses,Cosquilleo , Buses,
Cosquilleo  +  Calle*,Cosquilleo , Calle*,
Cosquilleo  +  Casas,Cosquilleo , Casas,
Cosquilleo  +  Celular*,Cosquilleo , Celular*,
Cosquilleo  +  Colegio*,Cosquilleo , Colegio*,
Cosquilleo  +  Moto,Cosquilleo , Moto,
Cosquilleo  +  Parque*,Cosquilleo , Parque*,
Cosquilleo  +  SITP,Cosquilleo , SITP,
Cosquilleo  +  Taxi,Cosquilleo , Taxi,
Cosquilleo  +  TM,Cosquilleo , TM,
Cosquilleo  +  Transmilenio,Cosquilleo , Transmilenio,
Cosquilleo  +  Transporte publico,Cosquilleo , Transporte publico,
Cosquilleo  +  Universidad*,Cosquilleo , Universidad*,
Cosquilleo  +  Vehiculo*,Cosquilleo , Vehiculo*,
Delincuent* + Bogot*,Delincuent*,Bogot*,
Crimen + Bogot*,Crimen,Bogot*,
Delitos* + Bogot*,Delitos*,Bogot*,
Espacio Publico  +  Altercado,Espacio Publico , Altercado,
Espacio Publico  +  Multa,Espacio Publico , Multa,
Espacio Publico  +  pelea,Espacio Publico , pelea,
Espacio Publico  +  Riña,Espacio Publico , Riña,
Espacio Publico  +  TM,Espacio Publico , TM,
Espacio Publico  +  Transmilenio,Espacio Publico , Transmilenio,
Explosion  +  Barrio,Explosion , Barrio,
Explosion  +  Bogota*,Explosion , Bogota*,
Explosion  +  Localidad,Explosion , Localidad,
Fleteo  +  Banco,Fleteo , Banco,
Fleteo  +  Barrio,Fleteo , Barrio,
Fleteo  +  Calle*,Fleteo , Calle*,
Fleteo  +  carro,Fleteo , carro,
Fleteo  +  Colegio*,Fleteo , Colegio*,
Fleteo  +  Conductor,Fleteo , Conductor,
Fleteo  +  moto,Fleteo , moto,
Fleteo  +  Policia + Bogot*,Fleteo , Policia,Bogot*
Hacinamiento*  + Bogot*,Hacinamiento* ,Bogot*,
Hacinamiento*  +  CAI,Hacinamiento* , CAI,
Hacinamiento*  +  CTP,Hacinamiento* , CTP,
Hacinamiento*  +  Unidad Permanente de Justicia,Hacinamiento* , Unidad Permanente de Justicia,
Hacinamiento*  +  UPJ,Hacinamiento* , UPJ,
Hurto  +  Apartamento*,Hurto , Apartamento*,
Hurto  +  Bicicleta*,Hurto , Bicicleta*,
Hurto  +  Billetera*,Hurto , Billetera*,
Hurto  +  Buses,Hurto , Buses,
Hurto  +  Calle*,Hurto , Calle*,
Hurto  +  Casas,Hurto , Casas,
Hurto  +  Celular*,Hurto , Celular*,
Hurto  +  Colegio*,Hurto , Colegio*,
Hurto  +  Moto,Hurto , Moto,
Hurto  +  Parque*,Hurto , Parque*,
Hurto  +  SITP,Hurto , SITP,
Hurto  +  Taxi,Hurto , Taxi,
Hurto  +  TM,Hurto , TM,
Hurto  +  Transmilenio,Hurto , Transmilenio,
Hurto  +  Transporte publico,Hurto , Transporte publico,
Hurto  +  Universidad*,Hurto , Universidad*,
Hurto  +  Vehiculo*,Hurto , Vehiculo*,
Hurto  + Ciudad,Hurto ,Ciudad,
Hurto  + Localidad,Hurto ,Localidad,
Hurto  + Asesinato,Hurto ,Asesinato,
Hurto  + Bogot*,Hurto ,Bogot*,
Hurto  + Seguridad,Hurto ,Seguridad,
Polici* + delito + Bogot*,Polici*,delito,Bogot*
Polici* + robo + Bogot*,Polici*,robo,Bogot*
Inseguridad  +  Bar,Inseguridad , Bar,
Inseguridad  +  Barrio,Inseguridad , Barrio,
Inseguridad  +  Bogota*,Inseguridad , Bogota*,
Inseguridad  +  Calle*,Inseguridad , Calle*,
Inseguridad  +  Parque*,Inseguridad , Parque*,
Inseguridad  +  SITP,Inseguridad , SITP,
Inseguridad  +  TM,Inseguridad , TM,
Inseguridad  +  Transmilenio,Inseguridad , Transmilenio,
Inseguridad  +  Transporte publico,Inseguridad , Transporte publico,
Justicia* + Bogot*,Justicia*,Bogot*,
Marcha + Bogot*,Marcha,Bogot*,
Marcha + delito*,Marcha,delito*,
Marcha + Inseguridad,Marcha,Inseguridad,
Marcha + robo*,Marcha,robo*,
Plan bici  +  Banco Mundial,Plan bici , Banco Mundial,
Plan bici  +  Biciusuario*,Plan bici , Biciusuario*,
Plan bici  +  Ciclista*,Plan bici , Ciclista*,
Plan bici  +  Fase,Plan bici , Fase,
Plan bici  +  Movilidad,Plan bici , Movilidad,
Plan bici  +  Transporte publico,Plan bici , Transporte publico,
Planton + delito,Planton,delito,
Planton + Bogot*,Planton,Bogot*,
Planton  +  Centrales obreras,Planton , Centrales obreras,
Planton  +  Empleado*,Planton , Empleado*,
Planton  +  Fiscalia,Planton , Fiscalia,
Planton  +  Periodista*,Planton , Periodista*,
Planton  +  Profesor*,Planton , Profesor*,
Planton  +  Trabajador*,Planton , Trabajador*,
Protesta* + Bogot*,Protesta*,Bogot*,
Raponeo + Bogot*,Raponeo,Bogot*,
Riña + Bogot*,Riña,Bogot*,
Riña  +  Barrio,Riña , Barrio,
Riña  +  Carcel,Riña , Carcel,
Riña  +  Conductor,Riña , Conductor,
Riña  +  Discoteca,Riña , Discoteca,
Riña  +  Fiesta,Riña , Fiesta,
Riña  +  Herido,Riña , Herido,
Riña  +  Hospital,Riña , Hospital,
Riña  +  Muerto,Riña , Muerto,
Riña  +  Policia,Riña , Policia,
Riña  +  SITP,Riña , SITP,
Riña  +  Taxista,Riña , Taxista,
Riña  +  Transmilenio,Riña , Transmilenio,
Riña  +  Vendedor,Riña , Vendedor,
Robo + Bogot*,Robo,Bogot*,
Robo  +  Apartamento*,Robo , Apartamento*,
Robo  +  Bicicleta*,Robo , Bicicleta*,
Robo  +  Billetera*,Robo , Billetera*,
Robo  +  Buses,Robo , Buses,
Robo  +  Celular*,Robo , Celular*,
Robo  +  Moto,Robo , Moto,
Robo  +  SITP,Robo , SITP,
Robo  +  Taxi,Robo , Taxi,
Robo  +  TM,Robo , TM,
Robo  +  Transmilenio,Robo , Transmilenio,
Robo  +  Transporte publico,Robo , Transporte publico,
Robo  +  Vehiculo*,Robo , Vehiculo*,
Transporte publico + Inseguridad,Transporte publico,Inseguridad,
Transporte publico + delit*,Transporte publico,delit*,
Transporte publico + miedo*,Transporte publico,miedo*,
Vendedores informales + miedo*,Vendedores informales,miedo*,
Vendedores informales + Bogot*,Vendedores informales,Bogot*,
Victima* + Bogot*,Victima*,Bogot*,
Violencia  + Bogot*,Violencia ,Bogot*,
Insegur* + Bogot*,Insegur*,Bogot*,
Arriesga* + Bogot*,Arriesga*,Bogot*,
Insegur* + casa,Insegur*,casa,
expuesto* + Bogot*,expuesto*,Bogot*,
exposi* + Bogot*,exposi*,Bogot*,
Vulnerable + Bogot*,Vulnerable,Bogot*,
Inestable + Seguridad,Inestable,Seguridad,
Seguridad + bogota*,Seguridad,bogota*,
Atraco +  Apartamento*,Atraco, Apartamento*,
Atraco +  Bicicleta*,Atraco, Bicicleta*,
Atraco +  Billetera*,Atraco, Billetera*,
Atraco +  Buses,Atraco, Buses,
Atraco +  Calle*,Atraco, Calle*,
Atraco +  Casas,Atraco, Casas,
Atraco +  Celular*,Atraco, Celular*,
Atraco +  Colegio*,Atraco, Colegio*,
Atraco +  Moto,Atraco, Moto,
Atraco +  Parque*,Atraco, Parque*,
Atraco +  SITP,Atraco, SITP,
Atraco +  Taxi,Atraco, Taxi,
Atraco +  TM,Atraco, TM,
Atraco +  Transmilenio,Atraco, Transmilenio,
Atraco +  Transporte publico,Atraco, Transporte publico,
Atraco +  Universidad*,Atraco, Universidad*,
Delito* +  Apartamento*,Delito*, Apartamento*,
Delito* +  Bicicleta*,Delito*, Bicicleta*,
Delito* +  Billetera*,Delito*, Billetera*,
Delito* +  Buses,Delito*, Buses,
Delito* +  Calle*,Delito*, Calle*,
Delito* +  Casas,Delito*, Casas,
Delito* +  Celular*,Delito*, Celular*,
Delito* +  Colegio*,Delito*, Colegio*,
Delito* +  Moto,Delito*, Moto,
Delito* +  Parque*,Delito*, Parque*,
Delito* +  SITP,Delito*, SITP,
Delito* +  Taxi,Delito*, Taxi,
Delito* +  TM,Delito*, TM,
Delito* +  Transmilenio,Delito*, Transmilenio,
Delito* +  Transporte publico,Delito*, Transporte publico,
Delito* +  Universidad*,Delito*, Universidad*,
Saque* +  Apartamento*,Saque*, Apartamento*,
Saque* +  Bicicleta*,Saque*, Bicicleta*,
Saque* +  Billetera*,Saque*, Billetera*,
Saque* +  Buses,Saque*, Buses,
Saque* +  Calle*,Saque*, Calle*,
Saque* +  Casas,Saque*, Casas,
Saque* +  Celular*,Saque*, Celular*,
Saque* +  Colegio*,Saque*, Colegio*,
Saque* +  Moto,Saque*, Moto,
Saque* +  Parque*,Saque*, Parque*,
Saque* +  SITP,Saque*, SITP,
Saque* +  Taxi,Saque*, Taxi,
Saque* +  TM,Saque*, TM,
Saque* +  Transmilenio,Saque*, Transmilenio,
Saque* +  Transporte publico,Saque*, Transporte publico,
Saque* +  Universidad*,Saque*, Universidad*,
Intimida* +  Apartamento*,Intimida*, Apartamento*,
Intimida* +  Bicicleta*,Intimida*, Bicicleta*,
Intimida* +  Billetera*,Intimida*, Billetera*,
Intimida* +  Buses,Intimida*, Buses,
Intimida* +  Calle*,Intimida*, Calle*,
Intimida* +  Casas,Intimida*, Casas,
Intimida* +  Celular*,Intimida*, Celular*,
Intimida* +  Colegio*,Intimida*, Colegio*,
Intimida* +  Moto,Intimida*, Moto,
Intimida* +  Parque*,Intimida*, Parque*,
Intimida* +  SITP,Intimida*, SITP,
Intimida* +  Taxi,Intimida*, Taxi,
Intimida* +  TM,Intimida*, TM,
Intimida* +  Transmilenio,Intimida*, Transmilenio,
Intimida* +  Transporte publico,Intimida*, Transporte publico,
Intimida* +  Universidad*,Intimida*, Universidad*,
Despoj* +  Apartamento*,Despoj*, Apartamento*,
Despoj* +  Bicicleta*,Despoj*, Bicicleta*,
Despoj* +  Billetera*,Despoj*, Billetera*,
Despoj* +  Buses,Despoj*, Buses,
Despoj* +  Calle*,Despoj*, Calle*,
Despoj* +  Casas,Despoj*, Casas,
Despoj* +  Celular*,Despoj*, Celular*,
Despoj* +  Colegio*,Despoj*, Colegio*,
Despoj* +  Moto,Despoj*, Moto,
Despoj* +  Parque*,Despoj*, Parque*,
Despoj* +  SITP,Despoj*, SITP,
Despoj* +  Taxi,Despoj*, Taxi,
Despoj* +  TM,Despoj*, TM,
Despoj* +  Transmilenio,Despoj*, Transmilenio,
Despoj* +  Transporte publico,Despoj*, Transporte publico,
Despoj* +  Universidad*,Despoj*, Universidad*,
Engaño* +  Apartamento*,Engaño*, Apartamento*,
Engaño* +  Bicicleta*,Engaño*, Bicicleta*,
Engaño* +  Billetera*,Engaño*, Billetera*,
Engaño* +  Buses,Engaño*, Buses,
Engaño* +  Calle*,Engaño*, Calle*,
Engaño* +  Casas,Engaño*, Casas,
Engaño* +  Celular*,Engaño*, Celular*,
Engaño* +  Colegio*,Engaño*, Colegio*,
Engaño* +  Moto,Engaño*, Moto,
Engaño* +  Parque*,Engaño*, Parque*,
Engaño* +  SITP,Engaño*, SITP,
Engaño* +  Taxi,Engaño*, Taxi,
Engaño* +  TM,Engaño*, TM,
Engaño* +  Transmilenio,Engaño*, Transmilenio,
Engaño* +  Transporte publico,Engaño*, Transporte publico,
Engaño* +  Universidad*,Engaño*, Universidad*,
fraude +  Apartamento*,fraude, Apartamento*,
fraude +  Bicicleta*,fraude, Bicicleta*,
fraude +  Billetera*,fraude, Billetera*,
fraude +  Buses,fraude, Buses,
fraude +  Calle*,fraude, Calle*,
fraude +  Casas,fraude, Casas,
fraude +  Celular*,fraude, Celular*,
fraude +  Colegio*,fraude, Colegio*,
fraude +  Moto,fraude, Moto,
fraude +  Parque*,fraude, Parque*,
fraude +  SITP,fraude, SITP,
fraude +  Taxi,fraude, Taxi,
fraude +  TM,fraude, TM,
fraude +  Transmilenio,fraude, Transmilenio,
fraude +  Transporte publico,fraude, Transporte publico,
fraude +  Universidad*,fraude, Universidad*,
ataque* +  Apartamento*,ataque*, Apartamento*,
ataque* +  Bicicleta*,ataque*, Bicicleta*,
ataque* +  Billetera*,ataque*, Billetera*,
ataque* +  Buses,ataque*, Buses,
ataque* +  Calle*,ataque*, Calle*,
ataque* +  Casas,ataque*, Casas,
ataque* +  Celular*,ataque*, Celular*,
ataque* +  Colegio*,ataque*, Colegio*,
ataque* +  Moto,ataque*, Moto,
ataque* +  Parque*,ataque*, Parque*,
ataque* +  SITP,ataque*, SITP,
ataque* +  Taxi,ataque*, Taxi,
ataque* +  TM,ataque*, TM,
ataque* +  Transmilenio,ataque*, Transmilenio,
ataque* +  Transporte publico,ataque*, Transporte publico,
ataque* +  Universidad*,ataque*, Universidad*,
desvalij* +  Apartamento*,desvalij*, Apartamento*,
desvalij* +  Bicicleta*,desvalij*, Bicicleta*,
desvalij* +  Billetera*,desvalij*, Billetera*,
desvalij* +  Buses,desvalij*, Buses,
desvalij* +  Calle*,desvalij*, Calle*,
desvalij* +  Casas,desvalij*, Casas,
desvalij* +  Celular*,desvalij*, Celular*,
desvalij* +  Colegio*,desvalij*, Colegio*,
desvalij* +  Moto,desvalij*, Moto,
desvalij* +  Parque*,desvalij*, Parque*,
desvalij* +  SITP,desvalij*, SITP,
desvalij* +  Taxi,desvalij*, Taxi,
desvalij* +  TM,desvalij*, TM,
desvalij* +  Transmilenio,desvalij*, Transmilenio,
desvalij* +  Transporte publico,desvalij*, Transporte publico,
desvalij* +  Universidad*,desvalij*, Universidad*,
temor +  Apartamento*,temor, Apartamento*,
temor +  Bicicleta*,temor, Bicicleta*,
temor +  Billetera*,temor, Billetera*,
temor +  Buses,temor, Buses,
temor +  Calle*,temor, Calle*,
temor +  Casas,temor, Casas,
temor +  Celular*,temor, Celular*,
temor +  Colegio*,temor, Colegio*,
temor +  Moto,temor, Moto,
temor +  Parque*,temor, Parque*,
temor +  SITP,temor, SITP,
temor +  Taxi,temor, Taxi,
temor +  TM,temor, TM,
temor +  Transmilenio,temor, Transmilenio,
temor +  Transporte publico,temor, Transporte publico,
temor +  Universidad*,temor, Universidad*,
Víctim* +  Apartamento*,Víctim*, Apartamento*,
Víctim* +  Bicicleta*,Víctim*, Bicicleta*,
Víctim* +  Billetera*,Víctim*, Billetera*,
Víctim* +  Buses,Víctim*, Buses,
Víctim* +  Calle*,Víctim*, Calle*,
Víctim* +  Casas,Víctim*, Casas,
Víctim* +  Celular*,Víctim*, Celular*,
Víctim* +  Colegio*,Víctim*, Colegio*,
Víctim* +  Moto,Víctim*, Moto,
Víctim* +  Parque*,Víctim*, Parque*,
Víctim* +  SITP,Víctim*, SITP,
Víctim* +  Taxi,Víctim*, Taxi,
Víctim* +  TM,Víctim*, TM,
Víctim* +  Transmilenio,Víctim*, Transmilenio,
Víctim* +  Transporte publico,Víctim*, Transporte publico,
Víctim* +  Universidad*,Víctim*, Universidad*,
estafa* +  Apartamento*,estafa*, Apartamento*,
estafa* +  Bicicleta*,estafa*, Bicicleta*,
estafa* +  Billetera*,estafa*, Billetera*,
estafa* +  Buses,estafa*, Buses,
estafa* +  Calle*,estafa*, Calle*,
estafa* +  Casas,estafa*, Casas,
estafa* +  Celular*,estafa*, Celular*,
estafa* +  Colegio*,estafa*, Colegio*,
estafa* +  Moto,estafa*, Moto,
estafa* +  Parque*,estafa*, Parque*,
estafa* +  SITP,estafa*, SITP,
estafa* +  Taxi,estafa*, Taxi,
estafa* +  TM,estafa*, TM,
estafa* +  Transmilenio,estafa*, Transmilenio,
estafa* +  Transporte publico,estafa*, Transporte publico,
estafa* +  Universidad*,estafa*, Universidad*,
Homicidi* +  Apartamento*,Homicidi*, Apartamento*,
Homicidi* +  Bicicleta*,Homicidi*, Bicicleta*,
Homicidi* +  Billetera*,Homicidi*, Billetera*,
Homicidi* +  Buses,Homicidi*, Buses,
Homicidi* +  Calle*,Homicidi*, Calle*,
Homicidi* +  Casas,Homicidi*, Casas,
Homicidi* +  Celular*,Homicidi*, Celular*,
Homicidi* +  Colegio*,Homicidi*, Colegio*,
Homicidi* +  Moto,Homicidi*, Moto,
Homicidi* +  Parque*,Homicidi*, Parque*,
Homicidi* +  SITP,Homicidi*, SITP,
Homicidi* +  Taxi,Homicidi*, Taxi,
Homicidi* +  TM,Homicidi*, TM,
Homicidi* +  Transmilenio,Homicidi*, Transmilenio,
Homicidi* +  Transporte publico,Homicidi*, Transporte publico,
Homicidi* +  Universidad*,Homicidi*, Universidad*,
vigilancia* +  Apartamento*,vigilancia*, Apartamento*,
vigilancia* +  Bicicleta*,vigilancia*, Bicicleta*,
vigilancia* +  Billetera*,vigilancia*, Billetera*,
vigilancia* +  Buses,vigilancia*, Buses,
vigilancia* +  Calle*,vigilancia*, Calle*,
vigilancia* +  Casas,vigilancia*, Casas,
vigilancia* +  Celular*,vigilancia*, Celular*,
vigilancia* +  Colegio*,vigilancia*, Colegio*,
vigilancia* +  Moto,vigilancia*, Moto,
vigilancia* +  Parque*,vigilancia*, Parque*,
vigilancia* +  SITP,vigilancia*, SITP,
vigilancia* +  Taxi,vigilancia*, Taxi,
vigilancia* +  TM,vigilancia*, TM,
vigilancia* +  Transmilenio,vigilancia*, Transmilenio,
vigilancia* +  Transporte publico,vigilancia*, Transporte publico,
vigilancia* +  Universidad*,vigilancia*, Universidad*,
asesinato* +  Apartamento*,asesinato*, Apartamento*,
asesinato* +  Bicicleta*,asesinato*, Bicicleta*,
asesinato* +  Billetera*,asesinato*, Billetera*,
asesinato* +  Buses,asesinato*, Buses,
asesinato* +  Calle*,asesinato*, Calle*,
asesinato* +  Casas,asesinato*, Casas,
asesinato* +  Celular*,asesinato*, Celular*,
asesinato* +  Colegio*,asesinato*, Colegio*,
asesinato* +  Moto,asesinato*, Moto,
asesinato* +  Parque*,asesinato*, Parque*,
asesinato* +  SITP,asesinato*, SITP,
asesinato* +  Taxi,asesinato*, Taxi,
asesinato* +  TM,asesinato*, TM,
asesinato* +  Transmilenio,asesinato*, Transmilenio,
asesinato* +  Transporte publico,asesinato*, Transporte publico,
asesinato* +  Universidad*,asesinato*, Universidad*,
delito* +  Apartamento*,delito*, Apartamento*,
delito* +  Bicicleta*,delito*, Bicicleta*,
delito* +  Billetera*,delito*, Billetera*,
delito* +  Buses,delito*, Buses,
delito* +  Calle*,delito*, Calle*,
delito* +  Casas,delito*, Casas,
delito* +  Celular*,delito*, Celular*,
delito* +  Colegio*,delito*, Colegio*,
delito* +  Moto,delito*, Moto,
delito* +  Parque*,delito*, Parque*,
delito* +  SITP,delito*, SITP,
delito* +  Taxi,delito*, Taxi,
delito* +  TM,delito*, TM,
delito* +  Transmilenio,delito*, Transmilenio,
delito* +  Transporte publico,delito*, Transporte publico,
delito* +  Universidad*,delito*, Universidad*,
drogas* +  Apartamento*,drogas*, Apartamento*,
drogas* +  Bicicleta*,drogas*, Bicicleta*,
drogas* +  Billetera*,drogas*, Billetera*,
drogas* +  Buses,drogas*, Buses,
drogas* +  Calle*,drogas*, Calle*,
drogas* +  Casas,drogas*, Casas,
drogas* +  Celular*,drogas*, Celular*,
drogas* +  Colegio*,drogas*, Colegio*,
drogas* +  Moto,drogas*, Moto,
drogas* +  Parque*,drogas*, Parque*,
drogas* +  SITP,drogas*, SITP,
drogas* +  Taxi,drogas*, Taxi,
drogas* +  TM,drogas*, TM,
drogas* +  Transmilenio,drogas*, Transmilenio,
drogas* +  Transporte publico,drogas*, Transporte publico,
drogas* +  Universidad*,drogas*, Universidad*,
denuncia* +  Apartamento*,denuncia*, Apartamento*,
denuncia* +  Bicicleta*,denuncia*, Bicicleta*,
denuncia* +  Billetera*,denuncia*, Billetera*,
denuncia* +  Buses,denuncia*, Buses,
denuncia* +  Calle*,denuncia*, Calle*,
denuncia* +  Casas,denuncia*, Casas,
denuncia* +  Celular*,denuncia*, Celular*,
denuncia* +  Colegio*,denuncia*, Colegio*,
denuncia* +  Moto,denuncia*, Moto,
denuncia* +  Parque*,denuncia*, Parque*,
denuncia* +  SITP,denuncia*, SITP,
denuncia* +  Taxi,denuncia*, Taxi,
denuncia* +  TM,denuncia*, TM,
denuncia* +  Transmilenio,denuncia*, Transmilenio,
denuncia* +  Transporte publico,denuncia*, Transporte publico,
denuncia* +  Universidad*,denuncia*, Universidad*,
peligro* +  Apartamento*,peligro*, Apartamento*,
peligro* +  Bicicleta*,peligro*, Bicicleta*,
peligro* +  Billetera*,peligro*, Billetera*,
peligro* +  Buses,peligro*, Buses,
peligro* +  Calle*,peligro*, Calle*,
peligro* +  Casas,peligro*, Casas,
peligro* +  Celular*,peligro*, Celular*,
peligro* +  Colegio*,peligro*, Colegio*,
peligro* +  Moto,peligro*, Moto,
peligro* +  Parque*,peligro*, Parque*,
peligro* +  SITP,peligro*, SITP,
peligro* +  Taxi,peligro*, Taxi,
peligro* +  TM,peligro*, TM,
peligro* +  Transmilenio,peligro*, Transmilenio,
peligro* +  Transporte publico,peligro*, Transporte publico,
peligro* +  Universidad*,peligro*, Universidad*,
Delincuente* +  Apartamento*,Delincuente*, Apartamento*,
Delincuente* +  Bicicleta*,Delincuente*, Bicicleta*,
Delincuente* +  Billetera*,Delincuente*, Billetera*,
Delincuente* +  Buses,Delincuente*, Buses,
Delincuente* +  Calle*,Delincuente*, Calle*,
Delincuente* +  Casas,Delincuente*, Casas,
Delincuente* +  Celular*,Delincuente*, Celular*,
Delincuente* +  Colegio*,Delincuente*, Colegio*,
Delincuente* +  Moto,Delincuente*, Moto,
Delincuente* +  Parque*,Delincuente*, Parque*,
Delincuente* +  SITP,Delincuente*, SITP,
Delincuente* +  Taxi,Delincuente*, Taxi,
Delincuente* +  TM,Delincuente*, TM,
Delincuente* +  Transmilenio,Delincuente*, Transmilenio,
Delincuente* +  Transporte publico,Delincuente*, Transporte publico,
Delincuente* +  Universidad*,Delincuente*, Universidad*,
criminal* +  Apartamento*,criminal*, Apartamento*,
criminal* +  Bicicleta*,criminal*, Bicicleta*,
criminal* +  Billetera*,criminal*, Billetera*,
criminal* +  Buses,criminal*, Buses,
criminal* +  Calle*,criminal*, Calle*,
criminal* +  Casas,criminal*, Casas,
criminal* +  Celular*,criminal*, Celular*,
criminal* +  Colegio*,criminal*, Colegio*,
criminal* +  Moto,criminal*, Moto,
criminal* +  Parque*,criminal*, Parque*,
criminal* +  SITP,criminal*, SITP,
criminal* +  Taxi,criminal*, Taxi,
criminal* +  TM,criminal*, TM,
criminal* +  Transmilenio,criminal*, Transmilenio,
criminal* +  Transporte publico,criminal*, Transporte publico,
criminal* +  Universidad*,criminal*, Universidad*,
sospechos* +  Apartamento*,sospechos*, Apartamento*,
sospechos* +  Bicicleta*,sospechos*, Bicicleta*,
sospechos* +  Billetera*,sospechos*, Billetera*,
sospechos* +  Buses,sospechos*, Buses,
sospechos* +  Calle*,sospechos*, Calle*,
sospechos* +  Casas,sospechos*, Casas,
sospechos* +  Celular*,sospechos*, Celular*,
sospechos* +  Colegio*,sospechos*, Colegio*,
sospechos* +  Moto,sospechos*, Moto,
sospechos* +  Parque*,sospechos*, Parque*,
sospechos* +  SITP,sospechos*, SITP,
sospechos* +  Taxi,sospechos*, Taxi,
sospechos* +  TM,sospechos*, TM,
sospechos* +  Transmilenio,sospechos*, Transmilenio,
sospechos* +  Transporte publico,sospechos*, Transporte publico,
sospechos* +  Universidad*,sospechos*, Universidad*,
armado* +  Apartamento*,armado*, Apartamento*,
armado* +  Bicicleta*,armado*, Bicicleta*,
armado* +  Billetera*,armado*, Billetera*,
armado* +  Buses,armado*, Buses,
armado* +  Calle*,armado*, Calle*,
armado* +  Casas,armado*, Casas,
armado* +  Celular*,armado*, Celular*,
armado* +  Colegio*,armado*, Colegio*,
armado* +  Moto,armado*, Moto,
armado* +  Parque*,armado*, Parque*,
armado* +  SITP,armado*, SITP,
armado* +  Taxi,armado*, Taxi,
armado* +  TM,armado*, TM,
armado* +  Transmilenio,armado*, Transmilenio,
armado* +  Transporte publico,armado*, Transporte publico,
armado* +  Universidad*,armado*, Universidad*,
violento* +  Apartamento*,violento*, Apartamento*,
violento* +  Bicicleta*,violento*, Bicicleta*,
violento* +  Billetera*,violento*, Billetera*,
violento* +  Buses,violento*, Buses,
violento* +  Calle*,violento*, Calle*,
violento* +  Casas,violento*, Casas,
violento* +  Celular*,violento*, Celular*,
violento* +  Colegio*,violento*, Colegio*,
violento* +  Moto,violento*, Moto,
violento* +  Parque*,violento*, Parque*,
violento* +  SITP,violento*, SITP,
violento* +  Taxi,violento*, Taxi,
violento* +  TM,violento*, TM,
violento* +  Transmilenio,violento*, Transmilenio,
violento* +  Transporte publico,violento*, Transporte publico,
violento* +  Universidad*,violento*, Universidad*,
violencia* +  Apartamento*,violencia*, Apartamento*,
violencia* +  Bicicleta*,violencia*, Bicicleta*,
violencia* +  Billetera*,violencia*, Billetera*,
violencia* +  Buses,violencia*, Buses,
violencia* +  Calle*,violencia*, Calle*,
violencia* +  Casas,violencia*, Casas,
violencia* +  Celular*,violencia*, Celular*,
violencia* +  Colegio*,violencia*, Colegio*,
violencia* +  Moto,violencia*, Moto,
violencia* +  Parque*,violencia*, Parque*,
violencia* +  SITP,violencia*, SITP,
violencia* +  Taxi,violencia*, Taxi,
violencia* +  TM,violencia*, TM,
violencia* +  Transmilenio,violencia*, Transmilenio,
violencia* +  Transporte publico,violencia*, Transporte publico,
violencia* +  Universidad*,violencia*, Universidad*,
carnada* +  Bicicleta*,carnada*, Bicicleta*,
carnada* +  Billetera*,carnada*, Billetera*,
carnada* +  Buses,carnada*, Buses,
carnada* +  Calle*,carnada*, Calle*,
carnada* +  Casas,carnada*, Casas,
carnada* +  Celular*,carnada*, Celular*,
carnada* +  Colegio*,carnada*, Colegio*,
carnada* +  Moto,carnada*, Moto,
carnada* +  Parque*,carnada*, Parque*,
carnada* +  SITP,carnada*, SITP,
carnada* +  Taxi,carnada*, Taxi,
carnada* +  TM,carnada*, TM,
carnada* +  Transmilenio,carnada*, Transmilenio,
carnada* +  Transporte publico,carnada*, Transporte publico,
carnada* +  Universidad*,carnada*, Universidad*,
plaga* +  Bicicleta*,plaga*, Bicicleta*,
plaga* +  Billetera*,plaga*, Billetera*,
plaga* +  Buses,plaga*, Buses,
plaga* +  Calle*,plaga*, Calle*,
plaga* +  Casas,plaga*, Casas,
plaga* +  Celular*,plaga*, Celular*,
plaga* +  Colegio*,plaga*, Colegio*,
plaga* +  Moto,plaga*, Moto,
plaga* +  Parque*,plaga*, Parque*,
plaga* +  SITP,plaga*, SITP,
plaga* +  Taxi,plaga*, Taxi,
plaga* +  TM,plaga*, TM,
plaga* +  Transmilenio,plaga*, Transmilenio,
plaga* +  Transporte publico,plaga*, Transporte publico,
plaga* +  Universidad*,plaga*, Universidad*,
lesionar* +  Bicicleta*,lesionar*, Bicicleta*,
lesionar* +  Billetera*,lesionar*, Billetera*,
lesionar* +  Buses,lesionar*, Buses,
lesionar* +  Calle*,lesionar*, Calle*,
lesionar* +  Casas,lesionar*, Casas,
lesionar* +  Celular*,lesionar*, Celular*,
lesionar* +  Colegio*,lesionar*, Colegio*,
lesionar* +  Moto,lesionar*, Moto,
lesionar* +  Parque*,lesionar*, Parque*,
lesionar* +  SITP,lesionar*, SITP,
lesionar* +  Taxi,lesionar*, Taxi,
lesionar* +  TM,lesionar*, TM,
lesionar* +  Transmilenio,lesionar*, Transmilenio,
lesionar* +  Transporte publico,lesionar*, Transporte publico,
lesionar* +  Universidad*,lesionar*, Universidad*,
vulnera* +  Bicicleta*,vulnera*, Bicicleta*,
vulnera* +  Billetera*,vulnera*, Billetera*,
vulnera* +  Buses,vulnera*, Buses,
vulnera* +  Calle*,vulnera*, Calle*,
vulnera* +  Casas,vulnera*, Casas,
vulnera* +  Celular*,vulnera*, Celular*,
vulnera* +  Colegio*,vulnera*, Colegio*,
vulnera* +  Moto,vulnera*, Moto,
vulnera* +  Parque*,vulnera*, Parque*,
vulnera* +  SITP,vulnera*, SITP,
vulnera* +  Taxi,vulnera*, Taxi,
vulnera* +  TM,vulnera*, TM,
vulnera* +  Transmilenio,vulnera*, Transmilenio,
vulnera* +  Transporte publico,vulnera*, Transporte publico,
vulnera* +  Universidad*,vulnera*, Universidad*,
maldad* +  Bicicleta*,maldad*, Bicicleta*,
maldad* +  Billetera*,maldad*, Billetera*,
maldad* +  Buses,maldad*, Buses,
maldad* +  Calle*,maldad*, Calle*,
maldad* +  Casas,maldad*, Casas,
maldad* +  Celular*,maldad*, Celular*,
maldad* +  Colegio*,maldad*, Colegio*,
maldad* +  Moto,maldad*, Moto,
maldad* +  Parque*,maldad*, Parque*,
maldad* +  SITP,maldad*, SITP,
maldad* +  Taxi,maldad*, Taxi,
maldad* +  TM,maldad*, TM,
maldad* +  Transmilenio,maldad*, Transmilenio,
maldad* +  Transporte publico,maldad*, Transporte publico,
maldad* +  Universidad*,maldad*, Universidad*,
insultar* +  Bicicleta*,insultar*, Bicicleta*,
insultar* +  Billetera*,insultar*, Billetera*,
insultar* +  Buses,insultar*, Buses,
insultar* +  Calle*,insultar*, Calle*,
insultar* +  Casas,insultar*, Casas,
insultar* +  Celular*,insultar*, Celular*,
insultar* +  Colegio*,insultar*, Colegio*,
insultar* +  Moto,insultar*, Moto,
insultar* +  Parque*,insultar*, Parque*,
insultar* +  SITP,insultar*, SITP,
insultar* +  Taxi,insultar*, Taxi,
insultar* +  TM,insultar*, TM,
insultar* +  Transmilenio,insultar*, Transmilenio,
insultar* +  Transporte publico,insultar*, Transporte publico,
insultar* +  Universidad*,insultar*, Universidad*,
Delincuencia +  Bicicleta*,Delincuencia, Bicicleta*,
Delincuencia +  Billetera*,Delincuencia, Billetera*,
Delincuencia +  Buses,Delincuencia, Buses,
Delincuencia +  Calle*,Delincuencia, Calle*,
Delincuencia +  Casas,Delincuencia, Casas,
Delincuencia +  Celular*,Delincuencia, Celular*,
Delincuencia +  Colegio*,Delincuencia, Colegio*,
Delincuencia +  Moto,Delincuencia, Moto,
Delincuencia +  Parque*,Delincuencia, Parque*,
Delincuencia +  SITP,Delincuencia, SITP,
Delincuencia +  Taxi,Delincuencia, Taxi,
Delincuencia +  TM,Delincuencia, TM,
Delincuencia +  Transmilenio,Delincuencia, Transmilenio,
Delincuencia +  Transporte publico,Delincuencia, Transporte publico,
Delincuencia +  Universidad*,Delincuencia, Universidad*,
Delinqu* +  Bicicleta*,Delinqu*, Bicicleta*,
Delinqu* +  Billetera*,Delinqu*, Billetera*,
Delinqu* +  Buses,Delinqu*, Buses,
Delinqu* +  Calle*,Delinqu*, Calle*,
Delinqu* +  Casas,Delinqu*, Casas,
Delinqu* +  Celular*,Delinqu*, Celular*,
Delinqu* +  Colegio*,Delinqu*, Colegio*,
Delinqu* +  Moto,Delinqu*, Moto,
Delinqu* +  Parque*,Delinqu*, Parque*,
Delinqu* +  SITP,Delinqu*, SITP,
Delinqu* +  Taxi,Delinqu*, Taxi,
Delinqu* +  TM,Delinqu*, TM,
Delinqu* +  Transmilenio,Delinqu*, Transmilenio,
Delinqu* +  Transporte publico,Delinqu*, Transporte publico,
Delinqu* +  Universidad*,Delinqu*, Universidad*,
violaci* +  Bicicleta*,violaci*, Bicicleta*,
violaci* +  Billetera*,violaci*, Billetera*,
violaci* +  Buses,violaci*, Buses,
violaci* +  Calle*,violaci*, Calle*,
violaci* +  Casas,violaci*, Casas,
violaci* +  Celular*,violaci*, Celular*,
violaci* +  Colegio*,violaci*, Colegio*,
violaci* +  Moto,violaci*, Moto,
violaci* +  Parque*,violaci*, Parque*,
violaci* +  SITP,violaci*, SITP,
violaci* +  Taxi,violaci*, Taxi,
violaci* +  TM,violaci*, TM,
violaci* +  Transmilenio,violaci*, Transmilenio,
violaci* +  Transporte publico,violaci*, Transporte publico,
violaci* +  Universidad*,violaci*, Universidad*,
Pánico +  Bicicleta*,Pánico, Bicicleta*,
Pánico +  Billetera*,Pánico, Billetera*,
Pánico +  Buses,Pánico, Buses,
Pánico +  Calle*,Pánico, Calle*,
Pánico +  Casas,Pánico, Casas,
Pánico +  Celular*,Pánico, Celular*,
Pánico +  Colegio*,Pánico, Colegio*,
Pánico +  Moto,Pánico, Moto,
Pánico +  Parque*,Pánico, Parque*,
Pánico +  SITP,Pánico, SITP,
Pánico +  Taxi,Pánico, Taxi,
Pánico +  TM,Pánico, TM,
Pánico +  Transmilenio,Pánico, Transmilenio,
Pánico +  Transporte publico,Pánico, Transporte publico,
Pánico +  Universidad*,Pánico, Universidad*,
Alarma* +  Bicicleta*,Alarma*, Bicicleta*,
Alarma* +  Billetera*,Alarma*, Billetera*,
Alarma* +  Buses,Alarma*, Buses,
Alarma* +  Calle*,Alarma*, Calle*,
Alarma* +  Casas,Alarma*, Casas,
Alarma* +  Celular*,Alarma*, Celular*,
Alarma* +  Colegio*,Alarma*, Colegio*,
Alarma* +  Moto,Alarma*, Moto,
Alarma* +  Parque*,Alarma*, Parque*,
Alarma* +  SITP,Alarma*, SITP,
Alarma* +  Taxi,Alarma*, Taxi,
Alarma* +  TM,Alarma*, TM,
Alarma* +  Transmilenio,Alarma*, Transmilenio,
Alarma* +  Transporte publico,Alarma*, Transporte publico,
Alarma* +  Universidad*,Alarma*, Universidad*,
Pavor +  Bicicleta*,Pavor, Bicicleta*,
Pavor +  Billetera*,Pavor, Billetera*,
Pavor +  Buses,Pavor, Buses,
Pavor +  Calle*,Pavor, Calle*,
Pavor +  Casas,Pavor, Casas,
Pavor +  Celular*,Pavor, Celular*,
Pavor +  Colegio*,Pavor, Colegio*,
Pavor +  Moto,Pavor, Moto,
Pavor +  Parque*,Pavor, Parque*,
Pavor +  SITP,Pavor, SITP,
Pavor +  Taxi,Pavor, Taxi,
Pavor +  TM,Pavor, TM,
Pavor +  Transmilenio,Pavor, Transmilenio,
Pavor +  Transporte publico,Pavor, Transporte publico,
Pavor +  Universidad*,Pavor, Universidad*,
Susto +  Bicicleta*,Susto, Bicicleta*,
Susto +  Billetera*,Susto, Billetera*,
Susto +  Buses,Susto, Buses,
Susto +  Calle*,Susto, Calle*,
Susto +  Casas,Susto, Casas,
Susto +  Celular*,Susto, Celular*,
Susto +  Colegio*,Susto, Colegio*,
Susto +  Moto,Susto, Moto,
Susto +  Parque*,Susto, Parque*,
Susto +  SITP,Susto, SITP,
Susto +  Taxi,Susto, Taxi,
Susto +  TM,Susto, TM,
Susto +  Transmilenio,Susto, Transmilenio,
Susto +  Transporte publico,Susto, Transporte publico,
Susto +  Universidad*,Susto, Universidad*,
Intimidación* +  Bicicleta*,Intimidación*, Bicicleta*,
Intimidación* +  Billetera*,Intimidación*, Billetera*,
Intimidación* +  Buses,Intimidación*, Buses,
Intimidación* +  Calle*,Intimidación*, Calle*,
Intimidación* +  Casas,Intimidación*, Casas,
Intimidación* +  Celular*,Intimidación*, Celular*,
Intimidación* +  Colegio*,Intimidación*, Colegio*,
Intimidación* +  Moto,Intimidación*, Moto,
Intimidación* +  Parque*,Intimidación*, Parque*,
Intimidación* +  SITP,Intimidación*, SITP,
Intimidación* +  Taxi,Intimidación*, Taxi,
Intimidación* +  TM,Intimidación*, TM,
Intimidación* +  Transmilenio,Intimidación*, Transmilenio,
Intimidación* +  Transporte publico,Intimidación*, Transporte publico,
Intimidación* +  Universidad*,Intimidación*, Universidad*,
Temor* +  Bicicleta*,Temor*, Bicicleta*,
Temor* +  Billetera*,Temor*, Billetera*,
Temor* +  Buses,Temor*, Buses,
Temor* +  Calle*,Temor*, Calle*,
Temor* +  Casas,Temor*, Casas,
Temor* +  Celular*,Temor*, Celular*,
Temor* +  Colegio*,Temor*, Colegio*,
Temor* +  Moto,Temor*, Moto,
Temor* +  Parque*,Temor*, Parque*,
Temor* +  SITP,Temor*, SITP,
Temor* +  Taxi,Temor*, Taxi,
Temor* +  TM,Temor*, TM,
Temor* +  Transmilenio,Temor*, Transmilenio,
Temor* +  Transporte publico,Temor*, Transporte publico,
Temor* +  Universidad*,Temor*, Universidad*,
Intranquilidad* +  Bicicleta*,Intranquilidad*, Bicicleta*,
Intranquilidad* +  Billetera*,Intranquilidad*, Billetera*,
Intranquilidad* +  Buses,Intranquilidad*, Buses,
Intranquilidad* +  Calle*,Intranquilidad*, Calle*,
Intranquilidad* +  Casas,Intranquilidad*, Casas,
Intranquilidad* +  Celular*,Intranquilidad*, Celular*,
Intranquilidad* +  Colegio*,Intranquilidad*, Colegio*,
Intranquilidad* +  Moto,Intranquilidad*, Moto,
Intranquilidad* +  Parque*,Intranquilidad*, Parque*,
Intranquilidad* +  SITP,Intranquilidad*, SITP,
Intranquilidad* +  Taxi,Intranquilidad*, Taxi,
Intranquilidad* +  TM,Intranquilidad*, TM,
Intranquilidad* +  Transmilenio,Intranquilidad*, Transmilenio,
Intranquilidad* +  Transporte publico,Intranquilidad*, Transporte publico,
Intranquilidad* +  Universidad*,Intranquilidad*, Universidad*,
Amenza* +  Bicicleta*,Amenza*, Bicicleta*,
Amenza* +  Billetera*,Amenza*, Billetera*,
Amenza* +  Buses,Amenza*, Buses,
Amenza* +  Calle*,Amenza*, Calle*,
Amenza* +  Casas,Amenza*, Casas,
Amenza* +  Celular*,Amenza*, Celular*,
Amenza* +  Colegio*,Amenza*, Colegio*,
Amenza* +  Moto,Amenza*, Moto,
Amenza* +  Parque*,Amenza*, Parque*,
Amenza* +  SITP,Amenza*, SITP,
Amenza* +  Taxi,Amenza*, Taxi,
Amenza* +  TM,Amenza*, TM,
Amenza* +  Transmilenio,Amenza*, Transmilenio,
Amenza* +  Transporte publico,Amenza*, Transporte publico,
Amenza* +  Universidad*,Amenza*, Universidad*,
Precaución* +  Bicicleta*,Precaución*, Bicicleta*,
Precaución* +  Billetera*,Precaución*, Billetera*,
Precaución* +  Buses,Precaución*, Buses,
Precaución* +  Calle*,Precaución*, Calle*,
Precaución* +  Casas,Precaución*, Casas,
Precaución* +  Celular*,Precaución*, Celular*,
Precaución* +  Colegio*,Precaución*, Colegio*,
Precaución* +  Moto,Precaución*, Moto,
Precaución* +  Parque*,Precaución*, Parque*,
Precaución* +  SITP,Precaución*, SITP,
Precaución* +  Taxi,Precaución*, Taxi,
Precaución* +  TM,Precaución*, TM,
Precaución* +  Transmilenio,Precaución*, Transmilenio,
Precaución* +  Transporte publico,Precaución*, Transporte publico,
Precaución* +  Universidad*,Precaución*, Universidad*,
vigilancia* +  Bicicleta*,vigilancia*, Bicicleta*,
vigilancia* +  Billetera*,vigilancia*, Billetera*,
vigilancia* +  Buses,vigilancia*, Buses,
vigilancia* +  Calle*,vigilancia*, Calle*,
vigilancia* +  Casas,vigilancia*, Casas,
vigilancia* +  Celular*,vigilancia*, Celular*,
vigilancia* +  Colegio*,vigilancia*, Colegio*,
vigilancia* +  Moto,vigilancia*, Moto,
vigilancia* +  Parque*,vigilancia*, Parque*,
vigilancia* +  SITP,vigilancia*, SITP,
vigilancia* +  Taxi,vigilancia*, Taxi,
vigilancia* +  TM,vigilancia*, TM,
vigilancia* +  Transmilenio,vigilancia*, Transmilenio,
vigilancia* +  Transporte publico,vigilancia*, Transporte publico,
vigilancia* +  Universidad*,vigilancia*, Universidad*,
Atentado* +  Bicicleta*,Atentado*, Bicicleta*,
Atentado* +  Billetera*,Atentado*, Billetera*,
Atentado* +  Buses,Atentado*, Buses,
Atentado* +  Calle*,Atentado*, Calle*,
Atentado* +  Casas,Atentado*, Casas,
Atentado* +  Celular*,Atentado*, Celular*,
Atentado* +  Colegio*,Atentado*, Colegio*,
Atentado* +  Moto,Atentado*, Moto,
Atentado* +  Parque*,Atentado*, Parque*,
Atentado* +  SITP,Atentado*, SITP,
Atentado* +  Taxi,Atentado*, Taxi,
Atentado* +  TM,Atentado*, TM,
Atentado* +  Transmilenio,Atentado*, Transmilenio,
Atentado* +  Transporte publico,Atentado*, Transporte publico,
Atentado* +  Universidad*,Atentado*, Universidad*,
Transgresión* +  Bicicleta*,Transgresión*, Bicicleta*,
Transgresión* +  Billetera*,Transgresión*, Billetera*,
Transgresión* +  Buses,Transgresión*, Buses,
Transgresión* +  Calle*,Transgresión*, Calle*,
Transgresión* +  Casas,Transgresión*, Casas,
Transgresión* +  Celular*,Transgresión*, Celular*,
Transgresión* +  Colegio*,Transgresión*, Colegio*,
Transgresión* +  Moto,Transgresión*, Moto,
Transgresión* +  Parque*,Transgresión*, Parque*,
Transgresión* +  SITP,Transgresión*, SITP,
Transgresión* +  Taxi,Transgresión*, Taxi,
Transgresión* +  TM,Transgresión*, TM,
Transgresión* +  Transmilenio,Transgresión*, Transmilenio,
Transgresión* +  Transporte publico,Transgresión*, Transporte publico,
Transgresión* +  Universidad*,Transgresión*, Universidad*,
ratería* +  Bicicleta*,ratería*, Bicicleta*,
ratería* +  Billetera*,ratería*, Billetera*,
ratería* +  Buses,ratería*, Buses,
ratería* +  Calle*,ratería*, Calle*,
ratería* +  Casas,ratería*, Casas,
ratería* +  Celular*,ratería*, Celular*,
ratería* +  Colegio*,ratería*, Colegio*,
ratería* +  Moto,ratería*, Moto,
ratería* +  Parque*,ratería*, Parque*,
ratería* +  SITP,ratería*, SITP,
ratería* +  Taxi,ratería*, Taxi,
ratería* +  TM,ratería*, TM,
ratería* +  Transmilenio,ratería*, Transmilenio,
ratería* +  Transporte publico,ratería*, Transporte publico,
ratería* +  Universidad*,ratería*, Universidad*,
Contrabando* +  Bicicleta*,Contrabando*, Bicicleta*,
Contrabando* +  Billetera*,Contrabando*, Billetera*,
Contrabando* +  Buses,Contrabando*, Buses,
Contrabando* +  Calle*,Contrabando*, Calle*,
Contrabando* +  Casas,Contrabando*, Casas,
Contrabando* +  Celular*,Contrabando*, Celular*,
Contrabando* +  Colegio*,Contrabando*, Colegio*,
Contrabando* +  Moto,Contrabando*, Moto,
Contrabando* +  Parque*,Contrabando*, Parque*,
Contrabando* +  SITP,Contrabando*, SITP,
Contrabando* +  Taxi,Contrabando*, Taxi,
Contrabando* +  TM,Contrabando*, TM,
Contrabando* +  Transmilenio,Contrabando*, Transmilenio,
Contrabando* +  Transporte publico,Contrabando*, Transporte publico,
Contrabando* +  Universidad*,Contrabando*, Universidad*,
Fraude* +  Bicicleta*,Fraude*, Bicicleta*,
Fraude* +  Billetera*,Fraude*, Billetera*,
Fraude* +  Buses,Fraude*, Buses,
Fraude* +  Calle*,Fraude*, Calle*,
Fraude* +  Casas,Fraude*, Casas,
Fraude* +  Celular*,Fraude*, Celular*,
Fraude* +  Colegio*,Fraude*, Colegio*,
Fraude* +  Moto,Fraude*, Moto,
Fraude* +  Parque*,Fraude*, Parque*,
Fraude* +  SITP,Fraude*, SITP,
Fraude* +  Taxi,Fraude*, Taxi,
Fraude* +  TM,Fraude*, TM,
Fraude* +  Transmilenio,Fraude*, Transmilenio,
Fraude* +  Transporte publico,Fraude*, Transporte publico,
Fraude* +  Universidad*,Fraude*, Universidad*,
llevarse* +  Bicicleta*,llevarse*, Bicicleta*,
llevarse* +  Billetera*,llevarse*, Billetera*,
llevarse* +  Buses,llevarse*, Buses,
llevarse* +  Calle*,llevarse*, Calle*,
llevarse* +  Casas,llevarse*, Casas,
llevarse* +  Celular*,llevarse*, Celular*,
llevarse* +  Colegio*,llevarse*, Colegio*,
llevarse* +  Moto,llevarse*, Moto,
llevarse* +  Parque*,llevarse*, Parque*,
llevarse* +  SITP,llevarse*, SITP,
llevarse* +  Taxi,llevarse*, Taxi,
llevarse* +  TM,llevarse*, TM,
llevarse* +  Transmilenio,llevarse*, Transmilenio,
llevarse* +  Transporte publico,llevarse*, Transporte publico,
llevarse* +  Universidad*,llevarse*, Universidad*,
Atrac* +  Bicicleta*,Atrac*, Bicicleta*,
Atrac* +  Billetera*,Atrac*, Billetera*,
Atrac* +  Buses,Atrac*, Buses,
Atrac* +  Calle*,Atrac*, Calle*,
Atrac* +  Casas,Atrac*, Casas,
Atrac* +  Celular*,Atrac*, Celular*,
Atrac* +  Colegio*,Atrac*, Colegio*,
Atrac* +  Moto,Atrac*, Moto,
Atrac* +  Parque*,Atrac*, Parque*,
Atrac* +  SITP,Atrac*, SITP,
Atrac* +  Taxi,Atrac*, Taxi,
Atrac* +  TM,Atrac*, TM,
Atrac* +  Transmilenio,Atrac*, Transmilenio,
Atrac* +  Transporte publico,Atrac*, Transporte publico,
Atrac* +  Universidad*,Atrac*, Universidad*,
Engañ* +  Bicicleta*,Engañ*, Bicicleta*,
Engañ* +  Billetera*,Engañ*, Billetera*,
Engañ* +  Buses,Engañ*, Buses,
Engañ* +  Calle*,Engañ*, Calle*,
Engañ* +  Casas,Engañ*, Casas,
Engañ* +  Celular*,Engañ*, Celular*,
Engañ* +  Colegio*,Engañ*, Colegio*,
Engañ* +  Moto,Engañ*, Moto,
Engañ* +  Parque*,Engañ*, Parque*,
Engañ* +  SITP,Engañ*, SITP,
Engañ* +  Taxi,Engañ*, Taxi,
Engañ* +  TM,Engañ*, TM,
Engañ* +  Transmilenio,Engañ*, Transmilenio,
Engañ* +  Transporte publico,Engañ*, Transporte publico,
Engañ* +  Universidad*,Engañ*, Universidad*,
Ganzúa +  Bicicleta*,Ganzúa, Bicicleta*,
Ganzúa +  Billetera*,Ganzúa, Billetera*,
Ganzúa +  Buses,Ganzúa, Buses,
Ganzúa +  Calle*,Ganzúa, Calle*,
Ganzúa +  Casas,Ganzúa, Casas,
Ganzúa +  Celular*,Ganzúa, Celular*,
Ganzúa +  Colegio*,Ganzúa, Colegio*,
Ganzúa +  Moto,Ganzúa, Moto,
Ganzúa +  Parque*,Ganzúa, Parque*,
Ganzúa +  SITP,Ganzúa, SITP,
Ganzúa +  Taxi,Ganzúa, Taxi,
Ganzúa +  TM,Ganzúa, TM,
Ganzúa +  Transmilenio,Ganzúa, Transmilenio,
Ganzúa +  Transporte publico,Ganzúa, Transporte publico,
Ganzúa +  Universidad*,Ganzúa, Universidad*,
Asaltan* +  Bicicleta*,Asaltan*, Bicicleta*,
Asaltan* +  Billetera*,Asaltan*, Billetera*,
Asaltan* +  Buses,Asaltan*, Buses,
Asaltan* +  Calle*,Asaltan*, Calle*,
Asaltan* +  Casas,Asaltan*, Casas,
Asaltan* +  Celular*,Asaltan*, Celular*,
Asaltan* +  Colegio*,Asaltan*, Colegio*,
Asaltan* +  Moto,Asaltan*, Moto,
Asaltan* +  Parque*,Asaltan*, Parque*,
Asaltan* +  SITP,Asaltan*, SITP,
Asaltan* +  Taxi,Asaltan*, Taxi,
Asaltan* +  TM,Asaltan*, TM,
Asaltan* +  Transmilenio,Asaltan*, Transmilenio,
Asaltan* +  Transporte publico,Asaltan*, Transporte publico,
Asaltan* +  Universidad*,Asaltan*, Universidad*,
Saquead* +  Bicicleta*,Saquead*, Bicicleta*,
Saquead* +  Billetera*,Saquead*, Billetera*,
Saquead* +  Buses,Saquead*, Buses,
Saquead* +  Calle*,Saquead*, Calle*,
Saquead* +  Casas,Saquead*, Casas,
Saquead* +  Celular*,Saquead*, Celular*,
Saquead* +  Colegio*,Saquead*, Colegio*,
Saquead* +  Moto,Saquead*, Moto,
Saquead* +  Parque*,Saquead*, Parque*,
Saquead* +  SITP,Saquead*, SITP,
Saquead* +  Taxi,Saquead*, Taxi,
Saquead* +  TM,Saquead*, TM,
Saquead* +  Transmilenio,Saquead*, Transmilenio,
Saquead* +  Transporte publico,Saquead*, Transporte publico,
Saquead* +  Universidad*,Saquead*, Universidad*,
Banda* +  Bicicleta*,Banda*, Bicicleta*,
Banda* +  Billetera*,Banda*, Billetera*,
Banda* +  Buses,Banda*, Buses,
Banda* +  Calle*,Banda*, Calle*,
Banda* +  Casas,Banda*, Casas,
Banda* +  Celular*,Banda*, Celular*,
Banda* +  Colegio*,Banda*, Colegio*,
Banda* +  Moto,Banda*, Moto,
Banda* +  Parque*,Banda*, Parque*,
Banda* +  SITP,Banda*, SITP,
Banda* +  Taxi,Banda*, Taxi,
Banda* +  TM,Banda*, TM,
Banda* +  Transmilenio,Banda*, Transmilenio,
Banda* +  Transporte publico,Banda*, Transporte publico,
Banda* +  Universidad*,Banda*, Universidad*,
Pandilla* +  Bicicleta*,Pandilla*, Bicicleta*,
Pandilla* +  Billetera*,Pandilla*, Billetera*,
Pandilla* +  Buses,Pandilla*, Buses,
Pandilla* +  Calle*,Pandilla*, Calle*,
Pandilla* +  Casas,Pandilla*, Casas,
Pandilla* +  Celular*,Pandilla*, Celular*,
Pandilla* +  Colegio*,Pandilla*, Colegio*,
Pandilla* +  Moto,Pandilla*, Moto,
Pandilla* +  Parque*,Pandilla*, Parque*,
Pandilla* +  SITP,Pandilla*, SITP,
Pandilla* +  Taxi,Pandilla*, Taxi,
Pandilla* +  TM,Pandilla*, TM,
Pandilla* +  Transmilenio,Pandilla*, Transmilenio,
Pandilla* +  Transporte publico,Pandilla*, Transporte publico,
Pandilla* +  Universidad*,Pandilla*, Universidad*,
Pesquisa* +  Bicicleta*,Pesquisa*, Bicicleta*,
Pesquisa* +  Billetera*,Pesquisa*, Billetera*,
Pesquisa* +  Buses,Pesquisa*, Buses,
Pesquisa* +  Calle*,Pesquisa*, Calle*,
Pesquisa* +  Casas,Pesquisa*, Casas,
Pesquisa* +  Celular*,Pesquisa*, Celular*,
Pesquisa* +  Colegio*,Pesquisa*, Colegio*,
Pesquisa* +  Moto,Pesquisa*, Moto,
Pesquisa* +  Parque*,Pesquisa*, Parque*,
Pesquisa* +  SITP,Pesquisa*, SITP,
Pesquisa* +  Taxi,Pesquisa*, Taxi,
Pesquisa* +  TM,Pesquisa*, TM,
Pesquisa* +  Transmilenio,Pesquisa*, Transmilenio,
Pesquisa* +  Transporte publico,Pesquisa*, Transporte publico,
Pesquisa* +  Universidad*,Pesquisa*, Universidad*,
Agresi* +  Bicicleta*,Agresi*, Bicicleta*,
Agresi* +  Billetera*,Agresi*, Billetera*,
Agresi* +  Buses,Agresi*, Buses,
Agresi* +  Calle*,Agresi*, Calle*,
Agresi* +  Casas,Agresi*, Casas,
Agresi* +  Celular*,Agresi*, Celular*,
Agresi* +  Colegio*,Agresi*, Colegio*,
Agresi* +  Moto,Agresi*, Moto,
Agresi* +  Parque*,Agresi*, Parque*,
Agresi* +  SITP,Agresi*, SITP,
Agresi* +  Taxi,Agresi*, Taxi,
Agresi* +  TM,Agresi*, TM,
Agresi* +  Transmilenio,Agresi*, Transmilenio,
Agresi* +  Transporte publico,Agresi*, Transporte publico,
Agresi* +  Universidad*,Agresi*, Universidad*,
Soborno* +  Bicicleta*,Soborno*, Bicicleta*,
Soborno* +  Billetera*,Soborno*, Billetera*,
Soborno* +  Buses,Soborno*, Buses,
Soborno* +  Calle*,Soborno*, Calle*,
Soborno* +  Casas,Soborno*, Casas,
Soborno* +  Celular*,Soborno*, Celular*,
Soborno* +  Colegio*,Soborno*, Colegio*,
Soborno* +  Moto,Soborno*, Moto,
Soborno* +  Parque*,Soborno*, Parque*,
Soborno* +  SITP,Soborno*, SITP,
Soborno* +  Taxi,Soborno*, Taxi,
Soborno* +  TM,Soborno*, TM,
Soborno* +  Transmilenio,Soborno*, Transmilenio,
Soborno* +  Transporte publico,Soborno*, Transporte publico,
Soborno* +  Universidad*,Soborno*, Universidad*,
Sospechoso* +  Bicicleta*,Sospechoso*, Bicicleta*,
Sospechoso* +  Billetera*,Sospechoso*, Billetera*,
Sospechoso* +  Buses,Sospechoso*, Buses,
Sospechoso* +  Calle*,Sospechoso*, Calle*,
Sospechoso* +  Casas,Sospechoso*, Casas,
Sospechoso* +  Celular*,Sospechoso*, Celular*,
Sospechoso* +  Colegio*,Sospechoso*, Colegio*,
Sospechoso* +  Moto,Sospechoso*, Moto,
Sospechoso* +  Parque*,Sospechoso*, Parque*,
Sospechoso* +  SITP,Sospechoso*, SITP,
Sospechoso* +  Taxi,Sospechoso*, Taxi,
Sospechoso* +  TM,Sospechoso*, TM,
Sospechoso* +  Transmilenio,Sospechoso*, Transmilenio,
Sospechoso* +  Transporte publico,Sospechoso*, Transporte publico,
Sospechoso* +  Universidad*,Sospechoso*, Universidad*,
Vagabund* +  Bicicleta*,Vagabund*, Bicicleta*,
Vagabund* +  Billetera*,Vagabund*, Billetera*,
Vagabund* +  Buses,Vagabund*, Buses,
Vagabund* +  Calle*,Vagabund*, Calle*,
Vagabund* +  Casas,Vagabund*, Casas,
Vagabund* +  Celular*,Vagabund*, Celular*,
Vagabund* +  Colegio*,Vagabund*, Colegio*,
Vagabund* +  Moto,Vagabund*, Moto,
Vagabund* +  Parque*,Vagabund*, Parque*,
Vagabund* +  SITP,Vagabund*, SITP,
Vagabund* +  Taxi,Vagabund*, Taxi,
Vagabund* +  TM,Vagabund*, TM,
Vagabund* +  Transmilenio,Vagabund*, Transmilenio,
Vagabund* +  Transporte publico,Vagabund*, Transporte publico,
Vagabund* +  Universidad*,Vagabund*, Universidad*,
Habitante de calle* +  Bicicleta*,Habitante de calle*, Bicicleta*,
Habitante de calle* +  Billetera*,Habitante de calle*, Billetera*,
Habitante de calle* +  Buses,Habitante de calle*, Buses,
Habitante de calle* +  Calle*,Habitante de calle*, Calle*,
Habitante de calle* +  Casas,Habitante de calle*, Casas,
Habitante de calle* +  Celular*,Habitante de calle*, Celular*,
Habitante de calle* +  Colegio*,Habitante de calle*, Colegio*,
Habitante de calle* +  Moto,Habitante de calle*, Moto,
Habitante de calle* +  Parque*,Habitante de calle*, Parque*,
Habitante de calle* +  SITP,Habitante de calle*, SITP,
Habitante de calle* +  Taxi,Habitante de calle*, Taxi,
Habitante de calle* +  TM,Habitante de calle*, TM,
Habitante de calle* +  Transmilenio,Habitante de calle*, Transmilenio,
Habitante de calle* +  Transporte publico,Habitante de calle*, Transporte publico,
Habitante de calle* +  Universidad*,Habitante de calle*, Universidad*,
inmigrant* +  Bicicleta*,inmigrant*, Bicicleta*,
inmigrant* +  Billetera*,inmigrant*, Billetera*,
inmigrant* +  Buses,inmigrant*, Buses,
inmigrant* +  Calle*,inmigrant*, Calle*,
inmigrant* +  Casas,inmigrant*, Casas,
inmigrant* +  Celular*,inmigrant*, Celular*,
inmigrant* +  Colegio*,inmigrant*, Colegio*,
inmigrant* +  Moto,inmigrant*, Moto,
inmigrant* +  Parque*,inmigrant*, Parque*,
inmigrant* +  SITP,inmigrant*, SITP,
inmigrant* +  Taxi,inmigrant*, Taxi,
inmigrant* +  TM,inmigrant*, TM,
inmigrant* +  Transmilenio,inmigrant*, Transmilenio,
inmigrant* +  Transporte publico,inmigrant*, Transporte publico,
inmigrant* +  Universidad*,inmigrant*, Universidad*,
Reincidenc* +  Bicicleta*,Reincidenc*, Bicicleta*,
Reincidenc* +  Billetera*,Reincidenc*, Billetera*,
Reincidenc* +  Buses,Reincidenc*, Buses,
Reincidenc* +  Calle*,Reincidenc*, Calle*,
Reincidenc* +  Casas,Reincidenc*, Casas,
Reincidenc* +  Celular*,Reincidenc*, Celular*,
Reincidenc* +  Colegio*,Reincidenc*, Colegio*,
Reincidenc* +  Moto,Reincidenc*, Moto,
Reincidenc* +  Parque*,Reincidenc*, Parque*,
Reincidenc* +  SITP,Reincidenc*, SITP,
Reincidenc* +  Taxi,Reincidenc*, Taxi,
Reincidenc* +  TM,Reincidenc*, TM,
Reincidenc* +  Transmilenio,Reincidenc*, Transmilenio,
Reincidenc* +  Transporte publico,Reincidenc*, Transporte publico,
Reincidenc* +  Universidad*,Reincidenc*, Universidad*,
Muert* +  Bicicleta*,Muert*, Bicicleta*,
Muert* +  Billetera*,Muert*, Billetera*,
Muert* +  Buses,Muert*, Buses,
Muert* +  Calle*,Muert*, Calle*,
Muert* +  Casas,Muert*, Casas,
Muert* +  Celular*,Muert*, Celular*,
Muert* +  Colegio*,Muert*, Colegio*,
Muert* +  Moto,Muert*, Moto,
Muert* +  Parque*,Muert*, Parque*,
Muert* +  SITP,Muert*, SITP,
Muert* +  Taxi,Muert*, Taxi,
Muert* +  TM,Muert*, TM,
Muert* +  Transmilenio,Muert*, Transmilenio,
Muert* +  Transporte publico,Muert*, Transporte publico,
Muert* +  Universidad*,Muert*, Universidad*,
Lacra* +  Bicicleta*,Lacra*, Bicicleta*,
Lacra* +  Billetera*,Lacra*, Billetera*,
Lacra* +  Buses,Lacra*, Buses,
Lacra* +  Calle*,Lacra*, Calle*,
Lacra* +  Casas,Lacra*, Casas,
Lacra* +  Celular*,Lacra*, Celular*,
Lacra* +  Colegio*,Lacra*, Colegio*,
Lacra* +  Moto,Lacra*, Moto,
Lacra* +  Parque*,Lacra*, Parque*,
Lacra* +  SITP,Lacra*, SITP,
Lacra* +  Taxi,Lacra*, Taxi,
Lacra* +  TM,Lacra*, TM,
Lacra* +  Transmilenio,Lacra*, Transmilenio,
Lacra* +  Transporte publico,Lacra*, Transporte publico,
Lacra* +  Universidad*,Lacra*, Universidad*,
Depravado* +  Bicicleta*,Depravado*, Bicicleta*,
Depravado* +  Billetera*,Depravado*, Billetera*,
Depravado* +  Buses,Depravado*, Buses,
Depravado* +  Calle*,Depravado*, Calle*,
Depravado* +  Casas,Depravado*, Casas,
Depravado* +  Celular*,Depravado*, Celular*,
Depravado* +  Colegio*,Depravado*, Colegio*,
Depravado* +  Moto,Depravado*, Moto,
Depravado* +  Parque*,Depravado*, Parque*,
Depravado* +  SITP,Depravado*, SITP,
Depravado* +  Taxi,Depravado*, Taxi,
Depravado* +  TM,Depravado*, TM,
Depravado* +  Transmilenio,Depravado*, Transmilenio,
Depravado* +  Transporte publico,Depravado*, Transporte publico,
Depravado* +  Universidad*,Depravado*, Universidad*,
Vicio* +  Bicicleta*,Vicio*, Bicicleta*,
Vicio* +  Billetera*,Vicio*, Billetera*,
Vicio* +  Buses,Vicio*, Buses,
Vicio* +  Calle*,Vicio*, Calle*,
Vicio* +  Casas,Vicio*, Casas,
Vicio* +  Celular*,Vicio*, Celular*,
Vicio* +  Colegio*,Vicio*, Colegio*,
Vicio* +  Moto,Vicio*, Moto,
Vicio* +  Parque*,Vicio*, Parque*,
Vicio* +  SITP,Vicio*, SITP,
Vicio* +  Taxi,Vicio*, Taxi,
Vicio* +  TM,Vicio*, TM,
Vicio* +  Transmilenio,Vicio*, Transmilenio,
Vicio* +  Transporte publico,Vicio*, Transporte publico,
Vicio* +  Universidad*,Vicio*, Universidad*,
Droga* +  Bicicleta*,Droga*, Bicicleta*,
Droga* +  Billetera*,Droga*, Billetera*,
Droga* +  Buses,Droga*, Buses,
Droga* +  Calle*,Droga*, Calle*,
Droga* +  Casas,Droga*, Casas,
Droga* +  Celular*,Droga*, Celular*,
Droga* +  Colegio*,Droga*, Colegio*,
Droga* +  Moto,Droga*, Moto,
Droga* +  Parque*,Droga*, Parque*,
Droga* +  SITP,Droga*, SITP,
Droga* +  Taxi,Droga*, Taxi,
Droga* +  TM,Droga*, TM,
Droga* +  Transmilenio,Droga*, Transmilenio,
Droga* +  Transporte publico,Droga*, Transporte publico,
Droga* +  Universidad*,Droga*, Universidad*,
exhibicionis* +  Bicicleta*,exhibicionis*, Bicicleta*,
exhibicionis* +  Billetera*,exhibicionis*, Billetera*,
exhibicionis* +  Buses,exhibicionis*, Buses,
exhibicionis* +  Calle*,exhibicionis*, Calle*,
exhibicionis* +  Casas,exhibicionis*, Casas,
exhibicionis* +  Celular*,exhibicionis*, Celular*,
exhibicionis* +  Colegio*,exhibicionis*, Colegio*,
exhibicionis* +  Moto,exhibicionis*, Moto,
exhibicionis* +  Parque*,exhibicionis*, Parque*,
exhibicionis* +  SITP,exhibicionis*, SITP,
exhibicionis* +  Taxi,exhibicionis*, Taxi,
exhibicionis* +  TM,exhibicionis*, TM,
exhibicionis* +  Transmilenio,exhibicionis*, Transmilenio,
exhibicionis* +  Transporte publico,exhibicionis*, Transporte publico,
exhibicionis* +  Universidad*,exhibicionis*, Universidad*,
Degenera* +  Bicicleta*,Degenera*, Bicicleta*,
Degenera* +  Billetera*,Degenera*, Billetera*,
Degenera* +  Buses,Degenera*, Buses,
Degenera* +  Calle*,Degenera*, Calle*,
Degenera* +  Casas,Degenera*, Casas,
Degenera* +  Celular*,Degenera*, Celular*,
Degenera* +  Colegio*,Degenera*, Colegio*,
Degenera* +  Moto,Degenera*, Moto,
Degenera* +  Parque*,Degenera*, Parque*,
Degenera* +  SITP,Degenera*, SITP,
Degenera* +  Taxi,Degenera*, Taxi,
Degenera* +  TM,Degenera*, TM,
Degenera* +  Transmilenio,Degenera*, Transmilenio,
Degenera* +  Transporte publico,Degenera*, Transporte publico,
Degenera* +  Universidad*,Degenera*, Universidad*,
Pelea* +  Bicicleta*,Pelea*, Bicicleta*,
Pelea* +  Billetera*,Pelea*, Billetera*,
Pelea* +  Buses,Pelea*, Buses,
Pelea* +  Calle*,Pelea*, Calle*,
Pelea* +  Casas,Pelea*, Casas,
Pelea* +  Celular*,Pelea*, Celular*,
Pelea* +  Colegio*,Pelea*, Colegio*,
Pelea* +  Moto,Pelea*, Moto,
Pelea* +  Parque*,Pelea*, Parque*,
Pelea* +  SITP,Pelea*, SITP,
Pelea* +  Taxi,Pelea*, Taxi,
Pelea* +  TM,Pelea*, TM,
Pelea* +  Transmilenio,Pelea*, Transmilenio,
Pelea* +  Transporte publico,Pelea*, Transporte publico,
Pelea* +  Universidad*,Pelea*, Universidad*,
Saqueo* +  Bicicleta*,Saqueo*, Bicicleta*,
Saqueo* +  Billetera*,Saqueo*, Billetera*,
Saqueo* +  Buses,Saqueo*, Buses,
Saqueo* +  Calle*,Saqueo*, Calle*,
Saqueo* +  Casas,Saqueo*, Casas,
Saqueo* +  Celular*,Saqueo*, Celular*,
Saqueo* +  Colegio*,Saqueo*, Colegio*,
Saqueo* +  Moto,Saqueo*, Moto,
Saqueo* +  Parque*,Saqueo*, Parque*,
Saqueo* +  SITP,Saqueo*, SITP,
Saqueo* +  Taxi,Saqueo*, Taxi,
Saqueo* +  TM,Saqueo*, TM,
Saqueo* +  Transmilenio,Saqueo*, Transmilenio,
Saqueo* +  Transporte publico,Saqueo*, Transporte publico,
Saqueo* +  Universidad*,Saqueo*, Universidad*,
Hostig* +  Bicicleta*,Hostig*, Bicicleta*,
Hostig* +  Billetera*,Hostig*, Billetera*,
Hostig* +  Buses,Hostig*, Buses,
Hostig* +  Calle*,Hostig*, Calle*,
Hostig* +  Casas,Hostig*, Casas,
Hostig* +  Celular*,Hostig*, Celular*,
Hostig* +  Colegio*,Hostig*, Colegio*,
Hostig* +  Moto,Hostig*, Moto,
Hostig* +  Parque*,Hostig*, Parque*,
Hostig* +  SITP,Hostig*, SITP,
Hostig* +  Taxi,Hostig*, Taxi,
Hostig* +  TM,Hostig*, TM,
Hostig* +  Transmilenio,Hostig*, Transmilenio,
Hostig* +  Transporte publico,Hostig*, Transporte publico,
Hostig* +  Universidad*,Hostig*, Universidad*,
Atacante* +  Bicicleta*,Atacante*, Bicicleta*,
Atacante* +  Billetera*,Atacante*, Billetera*,
Atacante* +  Buses,Atacante*, Buses,
Atacante* +  Calle*,Atacante*, Calle*,
Atacante* +  Casas,Atacante*, Casas,
Atacante* +  Celular*,Atacante*, Celular*,
Atacante* +  Colegio*,Atacante*, Colegio*,
Atacante* +  Moto,Atacante*, Moto,
Atacante* +  Parque*,Atacante*, Parque*,
Atacante* +  SITP,Atacante*, SITP,
Atacante* +  Taxi,Atacante*, Taxi,
Atacante* +  TM,Atacante*, TM,
Atacante* +  Transmilenio,Atacante*, Transmilenio,
Atacante* +  Transporte publico,Atacante*, Transporte publico,
Atacante* +  Universidad*,Atacante*, Universidad*,
Despojo* +  Bicicleta*,Despojo*, Bicicleta*,
Despojo* +  Billetera*,Despojo*, Billetera*,
Despojo* +  Buses,Despojo*, Buses,
Despojo* +  Calle*,Despojo*, Calle*,
Despojo* +  Casas,Despojo*, Casas,
Despojo* +  Celular*,Despojo*, Celular*,
Despojo* +  Colegio*,Despojo*, Colegio*,
Despojo* +  Moto,Despojo*, Moto,
Despojo* +  Parque*,Despojo*, Parque*,
Despojo* +  SITP,Despojo*, SITP,
Despojo* +  Taxi,Despojo*, Taxi,
Despojo* +  TM,Despojo*, TM,
Despojo* +  Transmilenio,Despojo*, Transmilenio,
Despojo* +  Transporte publico,Despojo*, Transporte publico,
Despojo* +  Universidad*,Despojo*, Universidad*,
Ladrón* +  Bicicleta*,Ladrón*, Bicicleta*,
Ladrón* +  Billetera*,Ladrón*, Billetera*,
Ladrón* +  Buses,Ladrón*, Buses,
Ladrón* +  Calle*,Ladrón*, Calle*,
Ladrón* +  Casas,Ladrón*, Casas,
Ladrón* +  Celular*,Ladrón*, Celular*,
Ladrón* +  Colegio*,Ladrón*, Colegio*,
Ladrón* +  Moto,Ladrón*, Moto,
Ladrón* +  Parque*,Ladrón*, Parque*,
Ladrón* +  SITP,Ladrón*, SITP,
Ladrón* +  Taxi,Ladrón*, Taxi,
Ladrón* +  TM,Ladrón*, TM,
Ladrón* +  Transmilenio,Ladrón*, Transmilenio,
Ladrón* +  Transporte publico,Ladrón*, Transporte publico,
Ladrón* +  Universidad*,Ladrón*, Universidad*,
Ladrones* +  Bicicleta*,Ladrones*, Bicicleta*,
Ladrones* +  Billetera*,Ladrones*, Billetera*,
Ladrones* +  Buses,Ladrones*, Buses,
Ladrones* +  Calle*,Ladrones*, Calle*,
Ladrones* +  Casas,Ladrones*, Casas,
Ladrones* +  Celular*,Ladrones*, Celular*,
Ladrones* +  Colegio*,Ladrones*, Colegio*,
Ladrones* +  Moto,Ladrones*, Moto,
Ladrones* +  Parque*,Ladrones*, Parque*,
Ladrones* +  SITP,Ladrones*, SITP,
Ladrones* +  Taxi,Ladrones*, Taxi,
Ladrones* +  TM,Ladrones*, TM,
Ladrones* +  Transmilenio,Ladrones*, Transmilenio,
Ladrones* +  Transporte publico,Ladrones*, Transporte publico,
Ladrones* +  Universidad*,Ladrones*, Universidad*,
Pistola* +  Bicicleta*,Pistola*, Bicicleta*,
Pistola* +  Billetera*,Pistola*, Billetera*,
Pistola* +  Buses,Pistola*, Buses,
Pistola* +  Calle*,Pistola*, Calle*,
Pistola* +  Casas,Pistola*, Casas,
Pistola* +  Celular*,Pistola*, Celular*,
Pistola* +  Colegio*,Pistola*, Colegio*,
Pistola* +  Moto,Pistola*, Moto,
Pistola* +  Parque*,Pistola*, Parque*,
Pistola* +  SITP,Pistola*, SITP,
Pistola* +  Taxi,Pistola*, Taxi,
Pistola* +  TM,Pistola*, TM,
Pistola* +  Transmilenio,Pistola*, Transmilenio,
Pistola* +  Transporte publico,Pistola*, Transporte publico,
Pistola* +  Universidad*,Pistola*, Universidad*,
Arma* +  Bicicleta*,Arma*, Bicicleta*,
Arma* +  Billetera*,Arma*, Billetera*,
Arma* +  Buses,Arma*, Buses,
Arma* +  Calle*,Arma*, Calle*,
Arma* +  Casas,Arma*, Casas,
Arma* +  Celular*,Arma*, Celular*,
Arma* +  Colegio*,Arma*, Colegio*,
Arma* +  Moto,Arma*, Moto,
Arma* +  Parque*,Arma*, Parque*,
Arma* +  SITP,Arma*, SITP,
Arma* +  Taxi,Arma*, Taxi,
Arma* +  TM,Arma*, TM,
Arma* +  Transmilenio,Arma*, Transmilenio,
Arma* +  Transporte publico,Arma*, Transporte publico,
Arma* +  Universidad*,Arma*, Universidad*,
Cuchillo* +  Bicicleta*,Cuchillo*, Bicicleta*,
Cuchillo* +  Billetera*,Cuchillo*, Billetera*,
Cuchillo* +  Buses,Cuchillo*, Buses,
Cuchillo* +  Calle*,Cuchillo*, Calle*,
Cuchillo* +  Casas,Cuchillo*, Casas,
Cuchillo* +  Celular*,Cuchillo*, Celular*,
Cuchillo* +  Colegio*,Cuchillo*, Colegio*,
Cuchillo* +  Moto,Cuchillo*, Moto,
Cuchillo* +  Parque*,Cuchillo*, Parque*,
Cuchillo* +  SITP,Cuchillo*, SITP,
Cuchillo* +  Taxi,Cuchillo*, Taxi,
Cuchillo* +  TM,Cuchillo*, TM,
Cuchillo* +  Transmilenio,Cuchillo*, Transmilenio,
Cuchillo* +  Transporte publico,Cuchillo*, Transporte publico,
Cuchillo* +  Universidad*,Cuchillo*, Universidad*,
Navaja* +  Bicicleta*,Navaja*, Bicicleta*,
Navaja* +  Billetera*,Navaja*, Billetera*,
Navaja* +  Buses,Navaja*, Buses,
Navaja* +  Calle*,Navaja*, Calle*,
Navaja* +  Casas,Navaja*, Casas,
Navaja* +  Celular*,Navaja*, Celular*,
Navaja* +  Colegio*,Navaja*, Colegio*,
Navaja* +  Moto,Navaja*, Moto,
Navaja* +  Parque*,Navaja*, Parque*,
Navaja* +  SITP,Navaja*, SITP,
Navaja* +  Taxi,Navaja*, Taxi,
Navaja* +  TM,Navaja*, TM,
Navaja* +  Transmilenio,Navaja*, Transmilenio,
Navaja* +  Transporte publico,Navaja*, Transporte publico,
Navaja* +  Universidad*,Navaja*, Universidad*,
Denunci* +  Bicicleta*,Denunci*, Bicicleta*,
Denunci* +  Billetera*,Denunci*, Billetera*,
Denunci* +  Buses,Denunci*, Buses,
Denunci* +  Calle*,Denunci*, Calle*,
Denunci* +  Casas,Denunci*, Casas,
Denunci* +  Celular*,Denunci*, Celular*,
Denunci* +  Colegio*,Denunci*, Colegio*,
Denunci* +  Moto,Denunci*, Moto,
Denunci* +  Parque*,Denunci*, Parque*,
Denunci* +  SITP,Denunci*, SITP,
Denunci* +  Taxi,Denunci*, Taxi,
Denunci* +  TM,Denunci*, TM,
Denunci* +  Transmilenio,Denunci*, Transmilenio,
Denunci* +  Transporte publico,Denunci*, Transporte publico,
Denunci* +  Universidad*,Denunci*, Universidad*,
Infraccci* +  Bicicleta*,Infraccci*, Bicicleta*,
Infraccci* +  Billetera*,Infraccci*, Billetera*,
Infraccci* +  Buses,Infraccci*, Buses,
Infraccci* +  Calle*,Infraccci*, Calle*,
Infraccci* +  Casas,Infraccci*, Casas,
Infraccci* +  Celular*,Infraccci*, Celular*,
Infraccci* +  Colegio*,Infraccci*, Colegio*,
Infraccci* +  Moto,Infraccci*, Moto,
Infraccci* +  Parque*,Infraccci*, Parque*,
Infraccci* +  SITP,Infraccci*, SITP,
Infraccci* +  Taxi,Infraccci*, Taxi,
Infraccci* +  TM,Infraccci*, TM,
Infraccci* +  Transmilenio,Infraccci*, Transmilenio,
Infraccci* +  Transporte publico,Infraccci*, Transporte publico,
Infraccci* +  Universidad*,Infraccci*, Universidad*,
Abuso* +  Bicicleta*,Abuso*, Bicicleta*,
Abuso* +  Billetera*,Abuso*, Billetera*,
Abuso* +  Buses,Abuso*, Buses,
Abuso* +  Calle*,Abuso*, Calle*,
Abuso* +  Casas,Abuso*, Casas,
Abuso* +  Celular*,Abuso*, Celular*,
Abuso* +  Colegio*,Abuso*, Colegio*,
Abuso* +  Moto,Abuso*, Moto,
Abuso* +  Parque*,Abuso*, Parque*,
Abuso* +  SITP,Abuso*, SITP,
Abuso* +  Taxi,Abuso*, Taxi,
Abuso* +  TM,Abuso*, TM,
Abuso* +  Transmilenio,Abuso*, Transmilenio,
Abuso* +  Transporte publico,Abuso*, Transporte publico,
Abuso* +  Universidad*,Abuso*, Universidad*,
Complic* +  Bicicleta*,Complic*, Bicicleta*,
Complic* +  Billetera*,Complic*, Billetera*,
Complic* +  Buses,Complic*, Buses,
Complic* +  Calle*,Complic*, Calle*,
Complic* +  Casas,Complic*, Casas,
Complic* +  Celular*,Complic*, Celular*,
Complic* +  Colegio*,Complic*, Colegio*,
Complic* +  Moto,Complic*, Moto,
Complic* +  Parque*,Complic*, Parque*,
Complic* +  SITP,Complic*, SITP,
Complic* +  Taxi,Complic*, Taxi,
Complic* +  TM,Complic*, TM,
Complic* +  Transmilenio,Complic*, Transmilenio,
Complic* +  Transporte publico,Complic*, Transporte publico,
Complic* +  Universidad*,Complic*, Universidad*,
Encubrimien* +  Bicicleta*,Encubrimien*, Bicicleta*,
Encubrimien* +  Billetera*,Encubrimien*, Billetera*,
Encubrimien* +  Buses,Encubrimien*, Buses,
Encubrimien* +  Calle*,Encubrimien*, Calle*,
Encubrimien* +  Casas,Encubrimien*, Casas,
Encubrimien* +  Celular*,Encubrimien*, Celular*,
Encubrimien* +  Colegio*,Encubrimien*, Colegio*,
Encubrimien* +  Moto,Encubrimien*, Moto,
Encubrimien* +  Parque*,Encubrimien*, Parque*,
Encubrimien* +  SITP,Encubrimien*, SITP,
Encubrimien* +  Taxi,Encubrimien*, Taxi,
Encubrimien* +  TM,Encubrimien*, TM,
Encubrimien* +  Transmilenio,Encubrimien*, Transmilenio,
Encubrimien* +  Transporte publico,Encubrimien*, Transporte publico,
Encubrimien* +  Universidad*,Encubrimien*, Universidad*,
Arrest* +  Bicicleta*,Arrest*, Bicicleta*,
Arrest* +  Billetera*,Arrest*, Billetera*,
Arrest* +  Buses,Arrest*, Buses,
Arrest* +  Calle*,Arrest*, Calle*,
Arrest* +  Casas,Arrest*, Casas,
Arrest* +  Celular*,Arrest*, Celular*,
Arrest* +  Colegio*,Arrest*, Colegio*,
Arrest* +  Moto,Arrest*, Moto,
Arrest* +  Parque*,Arrest*, Parque*,
Arrest* +  SITP,Arrest*, SITP,
Arrest* +  Taxi,Arrest*, Taxi,
Arrest* +  TM,Arrest*, TM,
Arrest* +  Transmilenio,Arrest*, Transmilenio,
Arrest* +  Transporte publico,Arrest*, Transporte publico,
Arrest* +  Universidad*,Arrest*, Universidad*,
Cadena* +  Bicicleta*,Cadena*, Bicicleta*,
Cadena* +  Billetera*,Cadena*, Billetera*,
Cadena* +  Buses,Cadena*, Buses,
Cadena* +  Calle*,Cadena*, Calle*,
Cadena* +  Casas,Cadena*, Casas,
Cadena* +  Celular*,Cadena*, Celular*,
Cadena* +  Colegio*,Cadena*, Colegio*,
Cadena* +  Moto,Cadena*, Moto,
Cadena* +  Parque*,Cadena*, Parque*,
Cadena* +  SITP,Cadena*, SITP,
Cadena* +  Taxi,Cadena*, Taxi,
Cadena* +  TM,Cadena*, TM,
Cadena* +  Transmilenio,Cadena*, Transmilenio,
Cadena* +  Transporte publico,Cadena*, Transporte publico,
Cadena* +  Universidad*,Cadena*, Universidad*,
Prisi* +  Bicicleta*,Prisi*, Bicicleta*,
Prisi* +  Billetera*,Prisi*, Billetera*,
Prisi* +  Buses,Prisi*, Buses,
Prisi* +  Calle*,Prisi*, Calle*,
Prisi* +  Casas,Prisi*, Casas,
Prisi* +  Celular*,Prisi*, Celular*,
Prisi* +  Colegio*,Prisi*, Colegio*,
Prisi* +  Moto,Prisi*, Moto,
Prisi* +  Parque*,Prisi*, Parque*,
Prisi* +  SITP,Prisi*, SITP,
Prisi* +  Taxi,Prisi*, Taxi,
Prisi* +  TM,Prisi*, TM,
Prisi* +  Transmilenio,Prisi*, Transmilenio,
Prisi* +  Transporte publico,Prisi*, Transporte publico,
Prisi* +  Universidad*,Prisi*, Universidad*,
Condena* +  Bicicleta*,Condena*, Bicicleta*,
Condena* +  Billetera*,Condena*, Billetera*,
Condena* +  Buses,Condena*, Buses,
Condena* +  Calle*,Condena*, Calle*,
Condena* +  Casas,Condena*, Casas,
Condena* +  Celular*,Condena*, Celular*,
Condena* +  Colegio*,Condena*, Colegio*,
Condena* +  Moto,Condena*, Moto,
Condena* +  Parque*,Condena*, Parque*,
Condena* +  SITP,Condena*, SITP,
Condena* +  Taxi,Condena*, Taxi,
Condena* +  TM,Condena*, TM,
Condena* +  Transmilenio,Condena*, Transmilenio,
Condena* +  Transporte publico,Condena*, Transporte publico,
Condena* +  Universidad*,Condena*, Universidad*,
Punible* +  Bicicleta*,Punible*, Bicicleta*,
Punible* +  Billetera*,Punible*, Billetera*,
Punible* +  Buses,Punible*, Buses,
Punible* +  Calle*,Punible*, Calle*,
Punible* +  Casas,Punible*, Casas,
Punible* +  Celular*,Punible*, Celular*,
Punible* +  Colegio*,Punible*, Colegio*,
Punible* +  Moto,Punible*, Moto,
Punible* +  Parque*,Punible*, Parque*,
Punible* +  SITP,Punible*, SITP,
Punible* +  Taxi,Punible*, Taxi,
Punible* +  TM,Punible*, TM,
Punible* +  Transmilenio,Punible*, Transmilenio,
Punible* +  Transporte publico,Punible*, Transporte publico,
Punible* +  Universidad*,Punible*, Universidad*,
Culpabl* +  Bicicleta*,Culpabl*, Bicicleta*,
Culpabl* +  Billetera*,Culpabl*, Billetera*,
Culpabl* +  Buses,Culpabl*, Buses,
Culpabl* +  Calle*,Culpabl*, Calle*,
Culpabl* +  Casas,Culpabl*, Casas,
Culpabl* +  Celular*,Culpabl*, Celular*,
Culpabl* +  Colegio*,Culpabl*, Colegio*,
Culpabl* +  Moto,Culpabl*, Moto,
Culpabl* +  Parque*,Culpabl*, Parque*,
Culpabl* +  SITP,Culpabl*, SITP,
Culpabl* +  Taxi,Culpabl*, Taxi,
Culpabl* +  TM,Culpabl*, TM,
Culpabl* +  Transmilenio,Culpabl*, Transmilenio,
Culpabl* +  Transporte publico,Culpabl*, Transporte publico,
Culpabl* +  Universidad*,Culpabl*, Universidad*,
Intimidar* +  Bicicleta*,Intimidar*, Bicicleta*,
Intimidar* +  Billetera*,Intimidar*, Billetera*,
Intimidar* +  Buses,Intimidar*, Buses,
Intimidar* +  Calle*,Intimidar*, Calle*,
Intimidar* +  Casas,Intimidar*, Casas,
Intimidar* +  Celular*,Intimidar*, Celular*,
Intimidar* +  Colegio*,Intimidar*, Colegio*,
Intimidar* +  Moto,Intimidar*, Moto,
Intimidar* +  Parque*,Intimidar*, Parque*,
Intimidar* +  SITP,Intimidar*, SITP,
Intimidar* +  Taxi,Intimidar*, Taxi,
Intimidar* +  TM,Intimidar*, TM,
Intimidar* +  Transmilenio,Intimidar*, Transmilenio,
Intimidar* +  Transporte publico,Intimidar*, Transporte publico,
Intimidar* +  Universidad*,Intimidar*, Universidad*,
Delinqu* +  Bicicleta*,Delinqu*, Bicicleta*,
Delinqu* +  Billetera*,Delinqu*, Billetera*,
Delinqu* +  Buses,Delinqu*, Buses,
Delinqu* +  Calle*,Delinqu*, Calle*,
Delinqu* +  Casas,Delinqu*, Casas,
Delinqu* +  Celular*,Delinqu*, Celular*,
Delinqu* +  Colegio*,Delinqu*, Colegio*,
Delinqu* +  Moto,Delinqu*, Moto,
Delinqu* +  Parque*,Delinqu*, Parque*,
Delinqu* +  SITP,Delinqu*, SITP,
Delinqu* +  Taxi,Delinqu*, Taxi,
Delinqu* +  TM,Delinqu*, TM,
Delinqu* +  Transmilenio,Delinqu*, Transmilenio,
Delinqu* +  Transporte publico,Delinqu*, Transporte publico,
Delinqu* +  Universidad*,Delinqu*, Universidad*,
Cárcel* +  Bicicleta*,Cárcel*, Bicicleta*,
Cárcel* +  Billetera*,Cárcel*, Billetera*,
Cárcel* +  Buses,Cárcel*, Buses,
Cárcel* +  Calle*,Cárcel*, Calle*,
Cárcel* +  Casas,Cárcel*, Casas,
Cárcel* +  Celular*,Cárcel*, Celular*,
Cárcel* +  Colegio*,Cárcel*, Colegio*,
Cárcel* +  Moto,Cárcel*, Moto,
Cárcel* +  Parque*,Cárcel*, Parque*,
Cárcel* +  SITP,Cárcel*, SITP,
Cárcel* +  Taxi,Cárcel*, Taxi,
Cárcel* +  TM,Cárcel*, TM,
Cárcel* +  Transmilenio,Cárcel*, Transmilenio,
Cárcel* +  Transporte publico,Cárcel*, Transporte publico,
Cárcel* +  Universidad*,Cárcel*, Universidad*,
Acusa* +  Bicicleta*,Acusa*, Bicicleta*,
Acusa* +  Billetera*,Acusa*, Billetera*,
Acusa* +  Buses,Acusa*, Buses,
Acusa* +  Calle*,Acusa*, Calle*,
Acusa* +  Casas,Acusa*, Casas,
Acusa* +  Celular*,Acusa*, Celular*,
Acusa* +  Colegio*,Acusa*, Colegio*,
Acusa* +  Moto,Acusa*, Moto,
Acusa* +  Parque*,Acusa*, Parque*,
Acusa* +  SITP,Acusa*, SITP,
Acusa* +  Taxi,Acusa*, Taxi,
Acusa* +  TM,Acusa*, TM,
Acusa* +  Transmilenio,Acusa*, Transmilenio,
Acusa* +  Transporte publico,Acusa*, Transporte publico,
Acusa* +  Universidad*,Acusa*, Universidad*,
Ilegitim* +  Bicicleta*,Ilegitim*, Bicicleta*,
Ilegitim* +  Billetera*,Ilegitim*, Billetera*,
Ilegitim* +  Buses,Ilegitim*, Buses,
Ilegitim* +  Calle*,Ilegitim*, Calle*,
Ilegitim* +  Casas,Ilegitim*, Casas,
Ilegitim* +  Celular*,Ilegitim*, Celular*,
Ilegitim* +  Colegio*,Ilegitim*, Colegio*,
Ilegitim* +  Moto,Ilegitim*, Moto,
Ilegitim* +  Parque*,Ilegitim*, Parque*,
Ilegitim* +  SITP,Ilegitim*, SITP,
Ilegitim* +  Taxi,Ilegitim*, Taxi,
Ilegitim* +  TM,Ilegitim*, TM,
Ilegitim* +  Transmilenio,Ilegitim*, Transmilenio,
Ilegitim* +  Transporte publico,Ilegitim*, Transporte publico,
Ilegitim* +  Universidad*,Ilegitim*, Universidad*,
Contrab* +  Bicicleta*,Contrab*, Bicicleta*,
Contrab* +  Billetera*,Contrab*, Billetera*,
Contrab* +  Buses,Contrab*, Buses,
Contrab* +  Calle*,Contrab*, Calle*,
Contrab* +  Casas,Contrab*, Casas,
Contrab* +  Celular*,Contrab*, Celular*,
Contrab* +  Colegio*,Contrab*, Colegio*,
Contrab* +  Moto,Contrab*, Moto,
Contrab* +  Parque*,Contrab*, Parque*,
Contrab* +  SITP,Contrab*, SITP,
Contrab* +  Taxi,Contrab*, Taxi,
Contrab* +  TM,Contrab*, TM,
Contrab* +  Transmilenio,Contrab*, Transmilenio,
Contrab* +  Transporte publico,Contrab*, Transporte publico,
Contrab* +  Universidad*,Contrab*, Universidad*,
Represi* +  Bicicleta*,Represi*, Bicicleta*,
Represi* +  Billetera*,Represi*, Billetera*,
Represi* +  Buses,Represi*, Buses,
Represi* +  Calle*,Represi*, Calle*,
Represi* +  Casas,Represi*, Casas,
Represi* +  Celular*,Represi*, Celular*,
Represi* +  Colegio*,Represi*, Colegio*,
Represi* +  Moto,Represi*, Moto,
Represi* +  Parque*,Represi*, Parque*,
Represi* +  SITP,Represi*, SITP,
Represi* +  Taxi,Represi*, Taxi,
Represi* +  TM,Represi*, TM,
Represi* +  Transmilenio,Represi*, Transmilenio,
Represi* +  Transporte publico,Represi*, Transporte publico,
Represi* +  Universidad*,Represi*, Universidad*,
Cometer +  Bicicleta*,Cometer, Bicicleta*,
Cometer +  Billetera*,Cometer, Billetera*,
Cometer +  Buses,Cometer, Buses,
Cometer +  Calle*,Cometer, Calle*,
Cometer +  Casas,Cometer, Casas,
Cometer +  Celular*,Cometer, Celular*,
Cometer +  Colegio*,Cometer, Colegio*,
Cometer +  Moto,Cometer, Moto,
Cometer +  Parque*,Cometer, Parque*,
Cometer +  SITP,Cometer, SITP,
Cometer +  Taxi,Cometer, Taxi,
Cometer +  TM,Cometer, TM,
Cometer +  Transmilenio,Cometer, Transmilenio,
Cometer +  Transporte publico,Cometer, Transporte publico,
Cometer +  Universidad*,Cometer, Universidad*,
Ilega* +  Bicicleta*,Ilega*, Bicicleta*,
Ilega* +  Billetera*,Ilega*, Billetera*,
Ilega* +  Buses,Ilega*, Buses,
Ilega* +  Calle*,Ilega*, Calle*,
Ilega* +  Casas,Ilega*, Casas,
Ilega* +  Celular*,Ilega*, Celular*,
Ilega* +  Colegio*,Ilega*, Colegio*,
Ilega* +  Moto,Ilega*, Moto,
Ilega* +  Parque*,Ilega*, Parque*,
Ilega* +  SITP,Ilega*, SITP,
Ilega* +  Taxi,Ilega*, Taxi,
Ilega* +  TM,Ilega*, TM,
Ilega* +  Transmilenio,Ilega*, Transmilenio,
Ilega* +  Transporte publico,Ilega*, Transporte publico,
Ilega* +  Universidad*,Ilega*, Universidad*,